du_an_id,ngay_nhan_brief,loai_san_pham,the_loai,bpm,so_track,so_vst,do_phuc_tap_brief,khach_hang_moi,co_bai_tham_khao,so_ngay_deadline,so_vong_chinh_sua,so_ngay_thuc_te,so_ngay_tre,tre_han
DA001,2025-01-05,Nhạc nền video,Pop,99,11,7,1,0,0,9,0,7,0,0
DA002,2025-01-13,Bài hát,Acoustic,90,22,24,2,0,0,14,0,10,0,0
DA003,2025-01-15,Bài hát,Lo-fi,66,8,7,4,1,0,24,1,20,0,0
DA004,2025-01-20,Bài hát,EDM,143,12,16,3,0,1,17,0,16,0,0
DA005,2025-01-23,Nhạc nền video,Hip-hop,94,8,6,4,0,1,18,0,17,0,0
DA006,2025-01-24,Bài hát,Cinematic,64,23,27,3,1,1,29,1,26,0,0
DA007,2025-01-27,Nhạc game,Acoustic,81,15,14,4,1,1,13,1,18,5,1
DA008,2025-01-28,Nhạc nền video,Hip-hop,91,15,16,2,1,1,14,0,14,0,0
DA009,2025-02-07,Bài hát,Lo-fi,78,13,14,4,0,1,22,1,20,0,0
DA010,2025-02-10,Nhạc nền video,EDM,144,7,6,4,0,0,22,1,19,0,0
DA011,2025-02-13,Bài hát,Acoustic,83,19,25,2,1,1,19,0,13,0,0
DA012,2025-02-18,Nhạc game,Hip-hop,102,14,12,4,0,1,19,0,18,0,0
DA013,2025-02-20,Nhạc nền video,Acoustic,92,14,10,4,0,0,18,1,14,0,0
DA014,2025-02-20,Jingle quảng cáo,Pop,122,7,7,2,0,1,7,0,3,0,0
DA015,2025-02-23,Bài hát,Hip-hop,82,19,24,2,0,0,22,0,15,0,0
DA016,2025-02-24,Nhạc nền video,Cinematic,61,12,7,2,1,0,16,1,21,5,1
DA017,2025-02-25,Nhạc nền video,Pop,92,15,14,3,1,0,20,0,16,0,0
DA018,2025-02-26,Nhạc game,Cinematic,78,17,22,3,1,0,26,1,27,1,1
DA019,2025-02-27,Nhạc nền video,Cinematic,107,5,5,2,0,1,16,0,14,0,0
DA020,2025-02-27,Nhạc nền video,Pop,91,3,4,3,0,0,20,0,16,0,0
DA021,2025-02-28,Bài hát,Lo-fi,74,22,22,4,0,1,22,2,20,0,0
DA022,2025-03-01,Bài hát,Hip-hop,78,22,24,4,0,1,16,1,24,8,1
DA023,2025-03-02,Nhạc nền video,EDM,147,7,5,5,0,1,23,0,22,0,0
DA024,2025-03-03,Nhạc nền video,Lo-fi,81,4,5,4,0,1,15,2,13,0,0
DA025,2025-03-03,Bài hát,Lo-fi,84,18,16,2,0,0,15,1,15,0,0
DA026,2025-03-09,Jingle quảng cáo,EDM,141,11,13,5,0,1,18,1,12,0,0
DA027,2025-03-14,Nhạc game,Acoustic,102,21,19,2,1,1,15,0,13,0,0
DA028,2025-03-17,Bài hát,Hip-hop,98,20,20,4,0,1,18,0,21,3,1
DA029,2025-03-22,Nhạc nền video,Pop,90,10,11,3,0,0,13,1,14,1,1
DA030,2025-03-23,Bài hát,Acoustic,113,14,14,3,1,1,12,2,19,7,1
DA031,2025-03-23,Jingle quảng cáo,Acoustic,106,8,10,1,1,0,10,0,6,0,0
DA032,2025-03-24,Bài hát,EDM,142,16,14,3,1,0,32,2,29,0,0
DA033,2025-03-31,Jingle quảng cáo,Hip-hop,86,3,3,1,0,1,5,0,5,0,0
DA034,2025-03-31,Jingle quảng cáo,Pop,122,16,13,4,1,0,15,2,16,1,1
DA035,2025-03-31,Jingle quảng cáo,Acoustic,89,15,13,5,0,1,13,0,11,0,0
DA036,2025-04-08,Bài hát,Cinematic,62,22,20,2,0,1,21,0,17,0,0
DA037,2025-04-09,Nhạc game,Cinematic,105,10,7,3,0,0,21,3,26,5,1
DA038,2025-04-13,Bài hát,Pop,99,21,14,2,0,0,22,0,17,0,0
DA039,2025-04-13,Bài hát,Acoustic,75,20,22,2,0,1,17,1,18,1,1
DA040,2025-04-16,Nhạc nền video,Pop,114,13,14,4,0,1,22,0,15,0,0
DA041,2025-04-16,Nhạc nền video,EDM,127,16,18,3,1,1,21,1,18,0,0
DA042,2025-04-17,Jingle quảng cáo,Pop,124,10,6,5,0,1,15,2,16,1,1
DA043,2025-04-23,Jingle quảng cáo,Hip-hop,88,10,8,2,0,0,9,0,8,0,0
DA044,2025-04-27,Bài hát,Pop,90,20,15,4,0,0,29,0,23,0,0
DA045,2025-05-01,Nhạc game,Acoustic,117,15,18,3,0,0,15,0,14,0,0
DA046,2025-05-04,Bài hát,Cinematic,85,10,12,4,0,1,31,0,26,0,0
DA047,2025-05-08,Nhạc nền video,Pop,100,12,9,3,0,0,16,1,15,0,0
DA048,2025-05-09,Bài hát,Pop,117,15,17,3,0,0,19,1,20,1,1
DA049,2025-05-09,Nhạc game,Pop,111,8,5,3,1,0,18,1,19,1,1
DA050,2025-05-17,Bài hát,Cinematic,61,24,19,2,1,1,27,1,25,0,0
DA051,2025-05-25,Bài hát,Hip-hop,97,24,17,4,0,1,14,0,21,7,1
DA052,2025-05-25,Nhạc nền video,EDM,132,17,14,4,1,1,25,2,22,0,0
DA053,2025-05-30,Nhạc game,Hip-hop,95,15,17,4,1,1,26,2,21,0,0
DA054,2025-06-02,Nhạc game,Pop,125,19,25,5,1,1,27,1,25,0,0
DA055,2025-06-02,Jingle quảng cáo,Hip-hop,93,8,6,5,1,1,16,1,12,0,0
DA056,2025-06-06,Nhạc game,Acoustic,103,14,14,3,1,0,20,0,16,0,0
DA057,2025-06-16,Nhạc game,Hip-hop,82,9,10,3,1,1,14,3,19,5,1
DA058,2025-06-17,Nhạc nền video,Cinematic,71,13,17,2,1,0,19,2,19,0,0
DA059,2025-06-19,Bài hát,Hip-hop,87,18,19,3,0,1,18,0,16,0,0
DA060,2025-06-23,Jingle quảng cáo,Pop,124,3,2,2,0,0,10,0,5,0,0
DA061,2025-06-26,Jingle quảng cáo,Pop,110,7,7,5,0,1,12,1,14,2,1
DA062,2025-06-26,Nhạc nền video,Pop,103,11,9,3,0,1,21,0,14,0,0
DA063,2025-06-26,Bài hát,Lo-fi,84,25,34,3,0,0,16,0,16,0,0
DA064,2025-06-29,Jingle quảng cáo,Hip-hop,100,11,10,4,0,0,14,1,11,0,0
DA065,2025-07-03,Bài hát,Cinematic,105,18,20,1,0,1,18,0,12,0,0
DA066,2025-07-07,Nhạc game,Hip-hop,83,14,8,1,0,1,8,0,9,1,1
DA067,2025-07-12,Bài hát,Pop,118,18,16,4,1,0,30,1,29,0,0
DA068,2025-07-13,Bài hát,Hip-hop,92,17,22,3,0,0,20,0,17,0,0
DA069,2025-07-14,Jingle quảng cáo,Pop,107,3,3,3,0,1,9,0,7,0,0
DA070,2025-07-16,Bài hát,EDM,131,17,16,2,1,1,16,0,14,0,0
DA071,2025-07-18,Bài hát,Hip-hop,78,15,20,3,1,1,21,1,21,0,0
DA072,2025-07-24,Nhạc nền video,Acoustic,83,6,7,5,1,0,28,1,23,0,0
DA073,2025-07-27,Nhạc game,Cinematic,87,16,13,4,1,1,28,0,26,0,0
DA074,2025-07-30,Bài hát,Pop,125,19,19,3,1,1,19,0,23,4,1
DA075,2025-08-01,Bài hát,Cinematic,103,10,9,3,0,0,23,0,21,0,0
DA076,2025-08-04,Jingle quảng cáo,Pop,97,7,7,3,0,1,11,3,13,2,1
DA077,2025-08-07,Nhạc game,Acoustic,103,17,14,1,0,1,9,0,7,0,0
DA078,2025-08-10,Nhạc nền video,Hip-hop,77,16,12,3,1,1,16,0,15,0,0
DA079,2025-08-14,Bài hát,Pop,117,22,29,4,1,1,26,4,32,6,1
DA080,2025-08-19,Bài hát,Pop,103,18,24,1,0,1,11,0,10,0,0
DA081,2025-08-20,Bài hát,Pop,107,14,17,2,0,1,17,0,14,0,0
DA082,2025-08-22,Bài hát,Acoustic,105,13,17,2,0,0,21,0,15,0,0
DA083,2025-08-22,Jingle quảng cáo,Lo-fi,75,9,10,2,0,0,11,1,7,0,0
DA084,2025-08-24,Bài hát,Hip-hop,99,19,23,3,0,1,19,2,22,3,1
DA085,2025-08-25,Nhạc nền video,Cinematic,86,17,20,1,0,1,16,0,9,0,0
DA086,2025-08-31,Jingle quảng cáo,Cinematic,109,12,11,4,1,1,14,0,15,1,1
DA087,2025-09-04,Nhạc nền video,Pop,115,11,10,4,0,0,18,4,23,5,1
DA088,2025-09-14,Bài hát,Acoustic,84,13,10,3,1,1,22,0,18,0,0
DA089,2025-09-16,Jingle quảng cáo,EDM,143,6,6,1,1,0,8,0,9,1,1
DA090,2025-09-18,Jingle quảng cáo,Cinematic,80,8,6,2,0,1,9,0,7,0,0
DA091,2025-09-18,Jingle quảng cáo,Cinematic,86,7,5,4,0,0,18,1,11,0,0
DA092,2025-09-19,Bài hát,Cinematic,66,15,16,1,1,1,17,0,13,0,0
DA093,2025-09-22,Bài hát,Acoustic,75,19,17,3,0,0,22,0,19,0,0
DA094,2025-09-24,Nhạc game,Pop,112,11,8,2,1,1,18,1,15,0,0
DA095,2025-10-03,Nhạc nền video,Lo-fi,69,9,11,4,0,0,16,2,17,1,1
DA096,2025-10-03,Bài hát,Lo-fi,89,19,24,2,1,1,14,0,14,0,0
DA097,2025-10-04,Nhạc nền video,Lo-fi,86,10,7,3,1,0,13,1,15,2,1
DA098,2025-10-05,Jingle quảng cáo,Pop,118,8,4,4,0,0,14,1,14,0,0
DA099,2025-10-06,Nhạc game,Pop,119,15,13,5,0,0,21,1,26,5,1
DA100,2025-10-06,Bài hát,EDM,137,13,16,3,1,1,23,1,25,2,1
DA101,2025-10-07,Nhạc game,EDM,121,12,15,3,0,1,21,0,16,0,0
DA102,2025-10-08,Bài hát,Lo-fi,74,23,16,1,0,1,11,1,11,0,0
DA103,2025-10-10,Nhạc nền video,Cinematic,84,7,8,4,0,1,26,2,22,0,0
DA104,2025-10-11,Nhạc nền video,Cinematic,105,3,2,2,0,1,16,0,11,0,0
DA105,2025-10-12,Bài hát,Lo-fi,70,10,9,2,1,0,11,0,15,4,1
DA106,2025-10-12,Bài hát,Lo-fi,77,18,25,3,1,0,18,2,21,3,1
DA107,2025-10-14,Nhạc nền video,Pop,103,12,9,1,0,1,11,1,10,0,0
DA108,2025-10-14,Nhạc game,Cinematic,66,13,9,3,1,0,26,2,27,1,1
DA109,2025-10-14,Nhạc nền video,EDM,123,16,15,4,0,0,20,2,23,3,1
DA110,2025-10-18,Nhạc game,Pop,104,3,3,3,0,0,11,1,16,5,1
DA111,2025-10-19,Jingle quảng cáo,Lo-fi,67,9,12,1,0,1,11,0,8,0,0
DA112,2025-10-20,Nhạc nền video,Lo-fi,66,18,24,3,1,1,18,0,13,0,0
DA113,2025-10-22,Jingle quảng cáo,EDM,130,3,2,4,0,0,11,2,11,0,0
DA114,2025-10-22,Bài hát,Cinematic,70,16,11,1,0,1,15,0,12,0,0
DA115,2025-10-23,Bài hát,Cinematic,87,14,17,2,0,1,23,0,19,0,0
DA116,2025-10-25,Jingle quảng cáo,Hip-hop,75,4,3,4,1,0,13,2,14,1,1
DA117,2025-10-27,Jingle quảng cáo,Cinematic,75,6,7,3,0,0,11,0,8,0,0
DA118,2025-10-28,Bài hát,Cinematic,82,23,26,3,0,0,27,2,33,6,1
DA119,2025-10-28,Nhạc nền video,EDM,148,19,13,5,1,0,45,2,33,0,0
DA120,2025-10-31,Nhạc nền video,Hip-hop,94,10,12,4,0,1,21,0,15,0,0
DA121,2025-11-10,Nhạc game,Lo-fi,87,21,15,4,0,1,15,2,18,3,1
DA122,2025-11-12,Nhạc nền video,Lo-fi,73,12,11,5,0,1,17,1,18,1,1
DA123,2025-11-12,Nhạc nền video,Cinematic,82,19,19,3,0,1,18,0,17,0,0
DA124,2025-11-13,Nhạc nền video,EDM,132,11,11,2,0,1,16,0,13,0,0
DA125,2025-11-14,Nhạc nền video,Lo-fi,87,12,13,3,1,0,15,1,16,1,1
DA126,2025-11-15,Jingle quảng cáo,Hip-hop,103,9,10,3,1,1,10,1,11,1,1
DA127,2025-11-16,Nhạc game,Acoustic,118,26,36,2,1,0,21,0,15,0,0
DA128,2025-11-18,Nhạc nền video,Acoustic,107,15,20,2,1,1,15,1,12,0,0
DA129,2025-11-19,Bài hát,Lo-fi,77,15,15,5,0,1,23,1,22,0,0
DA130,2025-11-23,Bài hát,Lo-fi,78,21,14,3,0,1,17,2,16,0,0
DA131,2025-12-02,Jingle quảng cáo,Hip-hop,104,6,7,2,1,1,8,0,4,0,0
DA132,2025-12-14,Jingle quảng cáo,EDM,128,6,8,4,0,0,11,1,13,2,1
DA133,2025-12-15,Bài hát,Hip-hop,85,21,17,3,1,1,22,1,23,1,1
DA134,2025-12-15,Bài hát,Lo-fi,87,18,17,3,1,1,25,0,16,0,0
DA135,2025-12-19,Nhạc nền video,Pop,105,13,12,4,0,0,20,1,20,0,0
DA136,2025-12-20,Bài hát,Pop,99,18,11,2,0,1,13,0,13,0,0
DA137,2025-12-20,Jingle quảng cáo,Hip-hop,91,9,10,3,0,1,8,0,9,1,1
DA138,2025-12-21,Bài hát,Pop,103,19,16,5,0,1,34,0,25,0,0
DA139,2025-12-23,Bài hát,EDM,146,10,12,4,0,1,26,1,22,0,0
DA140,2025-12-26,Nhạc game,EDM,147,16,20,3,0,0,23,0,18,0,0
DA141,2025-12-27,Bài hát,Pop,102,14,17,2,1,1,17,1,20,3,1
DA142,2025-12-27,Bài hát,EDM,135,12,11,3,1,1,27,1,19,0,0
DA143,2025-12-29,Bài hát,Hip-hop,104,17,14,3,1,1,22,3,26,4,1
DA144,2026-01-02,Bài hát,Pop,119,18,21,3,0,1,21,0,15,0,0
DA145,2026-01-04,Bài hát,Hip-hop,81,15,18,4,0,1,25,0,20,0,0
DA146,2026-01-08,Bài hát,Hip-hop,92,21,20,1,0,0,14,0,10,0,0
DA147,2026-01-20,Bài hát,EDM,138,12,15,4,0,1,21,1,20,0,0
DA148,2026-01-22,Bài hát,Pop,116,16,11,3,1,0,21,0,22,1,1
DA149,2026-02-04,Nhạc nền video,Cinematic,61,9,11,3,0,1,17,0,15,0,0
DA150,2026-02-05,Jingle quảng cáo,Pop,101,7,4,2,0,1,9,0,3,0,0
DA151,2026-02-06,Nhạc nền video,EDM,145,13,9,4,1,1,15,3,27,12,1
DA152,2026-02-06,Bài hát,Acoustic,82,13,13,4,0,0,23,2,25,2,1
DA153,2026-02-07,Nhạc nền video,Acoustic,84,14,9,4,0,0,14,2,22,8,1
DA154,2026-02-09,Nhạc game,Hip-hop,84,14,8,1,0,1,11,0,9,0,0
DA155,2026-02-10,Nhạc game,EDM,125,6,3,4,1,1,22,0,20,0,0
DA156,2026-02-15,Bài hát,Cinematic,67,10,9,3,1,0,31,2,31,0,0
DA157,2026-02-18,Bài hát,Hip-hop,85,17,20,1,0,1,11,0,12,1,1
DA158,2026-02-21,Bài hát,EDM,146,17,10,3,1,1,24,0,23,0,0
DA159,2026-02-21,Bài hát,Cinematic,60,17,19,3,1,1,26,1,26,0,0
DA160,2026-02-26,Nhạc nền video,Pop,101,11,13,4,1,0,18,0,20,2,1
DA161,2026-02-27,Nhạc nền video,Pop,92,12,8,3,0,0,19,2,18,0,0
DA162,2026-02-28,Bài hát,Lo-fi,79,21,15,3,0,1,22,0,11,0,0
DA163,2026-02-28,Nhạc nền video,Pop,100,7,9,5,1,0,27,4,30,3,1
DA164,2026-03-02,Nhạc nền video,Pop,121,7,8,4,0,1,15,0,18,3,1
DA165,2026-03-03,Bài hát,Hip-hop,92,13,13,1,1,1,14,0,11,0,0
DA166,2026-03-08,Jingle quảng cáo,Acoustic,109,9,11,3,1,1,8,0,10,2,1
DA167,2026-03-11,Bài hát,Cinematic,91,22,14,3,0,1,23,0,24,1,1
DA168,2026-03-12,Nhạc game,Hip-hop,88,12,10,1,1,1,13,0,9,0,0
DA169,2026-03-12,Bài hát,Acoustic,113,7,8,3,1,1,17,2,20,3,1
DA170,2026-03-14,Jingle quảng cáo,Pop,109,3,2,4,1,1,15,1,10,0,0
DA171,2026-03-20,Nhạc game,Lo-fi,88,10,12,2,0,0,12,0,8,0,0
DA172,2026-03-20,Nhạc game,EDM,149,11,11,3,1,1,13,1,21,8,1
DA173,2026-03-21,Jingle quảng cáo,Pop,113,6,7,2,0,1,12,0,8,0,0
DA174,2026-03-22,Jingle quảng cáo,Hip-hop,95,8,7,2,1,0,7,2,9,2,1
DA175,2026-03-23,Nhạc nền video,Lo-fi,71,10,8,5,1,0,23,1,22,0,0
DA176,2026-03-23,Jingle quảng cáo,Lo-fi,85,12,9,2,1,0,10,1,8,0,0
DA177,2026-03-25,Bài hát,Pop,116,15,11,4,0,0,21,0,23,2,1
DA178,2026-03-26,Nhạc nền video,Pop,126,8,9,1,0,0,10,0,8,0,0
DA179,2026-04-02,Nhạc nền video,Acoustic,83,13,9,5,0,1,20,2,22,2,1
DA180,2026-04-02,Nhạc game,Pop,121,7,4,4,0,1,19,0,16,0,0
DA181,2026-04-03,Nhạc nền video,EDM,134,13,9,3,0,0,18,0,18,0,0
DA182,2026-04-04,Nhạc nền video,EDM,125,12,8,4,0,1,24,0,18,0,0
DA183,2026-04-05,Nhạc nền video,Lo-fi,69,11,13,1,0,1,9,0,7,0,0
DA184,2026-04-06,Bài hát,Cinematic,88,24,22,4,1,1,38,1,34,0,0
DA185,2026-04-14,Bài hát,Lo-fi,72,15,20,3,1,1,20,0,18,0,0
DA186,2026-04-15,Nhạc nền video,Pop,94,20,14,3,0,1,19,0,15,0,0
DA187,2026-04-19,Nhạc nền video,EDM,132,11,12,2,1,1,15,0,14,0,0
DA188,2026-04-20,Bài hát,Hip-hop,94,12,11,2,1,0,20,1,15,0,0
DA189,2026-04-28,Nhạc nền video,Cinematic,75,12,10,4,0,0,20,1,23,3,1
DA190,2026-04-28,Nhạc nền video,Cinematic,107,7,9,3,0,1,19,0,17,0,0
DA191,2026-04-29,Bài hát,Cinematic,98,14,19,4,1,0,33,3,39,6,1
DA192,2026-04-30,Nhạc nền video,Hip-hop,90,13,16,3,1,1,23,0,12,0,0
DA193,2026-04-30,Jingle quảng cáo,Pop,127,10,7,4,1,0,17,0,13,0,0
DA194,2026-05-02,Bài hát,EDM,132,15,11,3,1,0,24,0,22,0,0
DA195,2026-05-03,Nhạc game,Lo-fi,68,17,19,5,1,1,27,2,25,0,0
DA196,2026-05-05,Nhạc game,EDM,121,18,14,1,0,0,16,0,10,0,0
DA197,2026-05-07,Nhạc nền video,Hip-hop,103,17,20,4,1,0,27,2,25,0,0
DA198,2026-05-09,Bài hát,Lo-fi,88,20,21,5,0,0,22,0,24,2,1
DA199,2026-05-11,Nhạc nền video,Hip-hop,97,17,17,2,1,0,20,0,12,0,0
DA200,2026-05-12,Jingle quảng cáo,Hip-hop,78,3,3,5,0,1,13,1,10,0,0
DA201,2026-05-13,Jingle quảng cáo,Lo-fi,72,6,7,4,0,1,9,1,8,0,0
DA202,2026-05-13,Jingle quảng cáo,Acoustic,72,4,2,4,1,0,9,4,18,9,1
DA203,2026-05-13,Nhạc nền video,Cinematic,62,12,7,3,0,0,17,1,18,1,1
DA204,2026-05-15,Nhạc nền video,Hip-hop,82,9,9,3,1,0,15,3,19,4,1
DA205,2026-05-16,Bài hát,EDM,137,17,16,3,0,1,26,0,20,0,0
DA206,2026-05-17,Jingle quảng cáo,Lo-fi,66,15,12,3,1,1,11,1,8,0,0
DA207,2026-05-17,Bài hát,Lo-fi,89,17,15,5,1,1,39,2,25,0,0
DA208,2026-05-18,Jingle quảng cáo,Pop,108,9,10,3,0,0,9,0,5,0,0
DA209,2026-05-22,Nhạc game,EDM,127,13,16,2,1,1,15,0,13,0,0
DA210,2026-05-22,Bài hát,Acoustic,95,18,18,4,0,0,25,1,23,0,0
DA211,2026-05-23,Nhạc nền video,Cinematic,99,12,10,4,1,0,36,2,31,0,0
DA212,2026-05-28,Bài hát,Pop,102,19,15,4,1,1,27,2,27,0,0
DA213,2026-05-28,Jingle quảng cáo,EDM,121,12,12,4,1,1,14,0,14,0,0
DA214,2026-05-31,Bài hát,Pop,92,24,20,3,0,1,16,0,17,1,1
DA215,2026-06-03,Nhạc game,Pop,124,15,15,2,0,0,14,0,12,0,0
DA216,2026-06-08,Bài hát,Acoustic,75,20,22,2,1,0,16,2,22,6,1
DA217,2026-06-09,Nhạc game,Lo-fi,80,9,5,1,0,1,7,0,6,0,0
DA218,2026-06-12,Jingle quảng cáo,EDM,131,7,4,3,0,1,11,0,7,0,0
DA219,2026-06-15,Nhạc nền video,Cinematic,98,15,11,3,0,1,14,0,17,3,1
DA220,2026-06-15,Jingle quảng cáo,Pop,92,11,14,3,0,1,8,1,11,3,1
DA221,2026-06-15,Jingle quảng cáo,EDM,146,8,8,1,1,0,8,0,8,0,0
DA222,2026-06-19,Nhạc game,Hip-hop,95,17,12,2,0,0,12,0,12,0,0
DA223,2026-06-21,Bài hát,Cinematic,82,19,24,4,0,1,34,1,29,0,0
DA224,2026-06-28,Nhạc nền video,Acoustic,80,16,15,2,1,0,16,0,12,0,0
DA225,2026-06-29,Bài hát,Cinematic,108,19,18,3,0,1,28,0,21,0,0
DA226,2026-06-30,Nhạc nền video,Lo-fi,72,10,13,1,1,0,10,1,9,0,0
DA227,2026-06-30,Bài hát,Hip-hop,89,19,12,5,0,1,33,4,32,0,0
DA228,2026-07-01,Nhạc nền video,Acoustic,89,3,2,3,1,0,15,1,17,2,1
DA229,2026-07-01,Nhạc nền video,Hip-hop,81,13,13,3,1,0,19,2,22,3,1
DA230,2026-07-20,Nhạc nền video,Acoustic,90,3,2,5,1,1,23,3,22,0,0
DA231,2026-07-23,Nhạc nền video,Hip-hop,79,5,5,5,0,0,24,0,18,0,0
DA232,2026-07-27,Jingle quảng cáo,Hip-hop,75,9,6,3,0,0,11,0,9,0,0
DA233,2026-07-28,Jingle quảng cáo,Pop,101,9,6,2,1,1,11,1,8,0,0
DA234,2026-07-29,Nhạc nền video,Hip-hop,78,7,5,3,0,1,12,1,15,3,1
DA235,2026-07-31,Nhạc nền video,Lo-fi,75,9,8,4,0,0,21,0,13,0,0
DA236,2026-08-02,Nhạc game,Cinematic,103,19,14,3,0,1,22,1,20,0,0
DA237,2026-08-08,Bài hát,Cinematic,68,16,11,3,1,1,26,2,27,1,1
DA238,2026-08-11,Bài hát,Acoustic,70,26,33,5,1,1,28,5,39,11,1
DA239,2026-08-14,Bài hát,Acoustic,75,17,14,3,1,0,19,1,21,2,1
DA240,2026-08-21,Jingle quảng cáo,EDM,135,9,7,5,1,1,20,3,21,1,1
DA241,2026-08-22,Nhạc nền video,Hip-hop,83,18,11,3,0,1,16,2,17,1,1
DA242,2026-09-04,Jingle quảng cáo,Hip-hop,89,8,7,5,0,0,15,0,12,0,0
DA243,2026-09-05,Jingle quảng cáo,EDM,120,3,2,3,0,1,11,0,11,0,0
DA244,2026-09-09,Bài hát,Pop,103,17,18,4,1,0,28,2,28,0,0
DA245,2026-09-10,Nhạc game,Pop,106,13,9,2,0,1,9,0,8,0,0
DA246,2026-09-11,Jingle quảng cáo,Hip-hop,87,3,3,2,1,0,11,1,11,0,0
DA247,2026-09-14,Bài hát,Lo-fi,78,16,21,4,1,0,22,4,27,5,1
DA248,2026-09-19,Nhạc nền video,Acoustic,109,9,6,4,0,1,14,1,15,1,1
DA249,2026-09-25,Bài hát,Lo-fi,76,21,14,3,0,0,17,0,15,0,0
DA250,2026-09-27,Bài hát,Acoustic,112,18,12,2,0,1,21,0,12,0,0
