du_an_id,giai_doan,so_ngay
DA001,1. Tiếp nhận yêu cầu & Khởi tạo dự án,1
DA001,2. Pre-production / Lên ý tưởng,1
DA001,3. Production / Arranging,2
DA001,4. Mixing,1
DA001,5. Mastering,1
DA001,6. Review & Revision,1
DA001,7. Final Delivery & Archiving,0
DA002,1. Tiếp nhận yêu cầu & Khởi tạo dự án,0
DA002,2. Pre-production / Lên ý tưởng,2
DA002,3. Production / Arranging,4
DA002,4. Mixing,2
DA002,5. Mastering,1
DA002,6. Review & Revision,1
DA002,7. Final Delivery & Archiving,0
DA003,1. Tiếp nhận yêu cầu & Khởi tạo dự án,1
DA003,2. Pre-production / Lên ý tưởng,3
DA003,3. Production / Arranging,7
DA003,4. Mixing,3
DA003,5. Mastering,2
DA003,6. Review & Revision,3
DA003,7. Final Delivery & Archiving,1
DA004,1. Tiếp nhận yêu cầu & Khởi tạo dự án,1
DA004,2. Pre-production / Lên ý tưởng,2
DA004,3. Production / Arranging,7
DA004,4. Mixing,2
DA004,5. Mastering,1
DA004,6. Review & Revision,2
DA004,7. Final Delivery & Archiving,1
DA005,1. Tiếp nhận yêu cầu & Khởi tạo dự án,1
DA005,2. Pre-production / Lên ý tưởng,4
DA005,3. Production / Arranging,5
DA005,4. Mixing,3
DA005,5. Mastering,1
DA005,6. Review & Revision,2
DA005,7. Final Delivery & Archiving,1
DA006,1. Tiếp nhận yêu cầu & Khởi tạo dự án,1
DA006,2. Pre-production / Lên ý tưởng,5
DA006,3. Production / Arranging,7
DA006,4. Mixing,5
DA006,5. Mastering,2
DA006,6. Review & Revision,5
DA006,7. Final Delivery & Archiving,1
DA007,1. Tiếp nhận yêu cầu & Khởi tạo dự án,1
DA007,2. Pre-production / Lên ý tưởng,3
DA007,3. Production / Arranging,6
DA007,4. Mixing,3
DA007,5. Mastering,1
DA007,6. Review & Revision,3
DA007,7. Final Delivery & Archiving,1
DA008,1. Tiếp nhận yêu cầu & Khởi tạo dự án,1
DA008,2. Pre-production / Lên ý tưởng,3
DA008,3. Production / Arranging,4
DA008,4. Mixing,2
DA008,5. Mastering,1
DA008,6. Review & Revision,2
DA008,7. Final Delivery & Archiving,1
DA009,1. Tiếp nhận yêu cầu & Khởi tạo dự án,1
DA009,2. Pre-production / Lên ý tưởng,3
DA009,3. Production / Arranging,6
DA009,4. Mixing,4
DA009,5. Mastering,1
DA009,6. Review & Revision,4
DA009,7. Final Delivery & Archiving,1
DA010,1. Tiếp nhận yêu cầu & Khởi tạo dự án,1
DA010,2. Pre-production / Lên ý tưởng,3
DA010,3. Production / Arranging,6
DA010,4. Mixing,3
DA010,5. Mastering,1
DA010,6. Review & Revision,4
DA010,7. Final Delivery & Archiving,1
DA011,1. Tiếp nhận yêu cầu & Khởi tạo dự án,0
DA011,2. Pre-production / Lên ý tưởng,3
DA011,3. Production / Arranging,5
DA011,4. Mixing,2
DA011,5. Mastering,1
DA011,6. Review & Revision,1
DA011,7. Final Delivery & Archiving,1
DA012,1. Tiếp nhận yêu cầu & Khởi tạo dự án,1
DA012,2. Pre-production / Lên ý tưởng,4
DA012,3. Production / Arranging,7
DA012,4. Mixing,3
DA012,5. Mastering,1
DA012,6. Review & Revision,2
DA012,7. Final Delivery & Archiving,0
DA013,1. Tiếp nhận yêu cầu & Khởi tạo dự án,1
DA013,2. Pre-production / Lên ý tưởng,2
DA013,3. Production / Arranging,4
DA013,4. Mixing,2
DA013,5. Mastering,1
DA013,6. Review & Revision,3
DA013,7. Final Delivery & Archiving,1
DA014,1. Tiếp nhận yêu cầu & Khởi tạo dự án,0
DA014,2. Pre-production / Lên ý tưởng,1
DA014,3. Production / Arranging,1
DA014,4. Mixing,1
DA014,5. Mastering,0
DA014,6. Review & Revision,0
DA014,7. Final Delivery & Archiving,0
DA015,1. Tiếp nhận yêu cầu & Khởi tạo dự án,1
DA015,2. Pre-production / Lên ý tưởng,3
DA015,3. Production / Arranging,4
DA015,4. Mixing,3
DA015,5. Mastering,1
DA015,6. Review & Revision,2
DA015,7. Final Delivery & Archiving,1
DA016,1. Tiếp nhận yêu cầu & Khởi tạo dự án,1
DA016,2. Pre-production / Lên ý tưởng,3
DA016,3. Production / Arranging,8
DA016,4. Mixing,3
DA016,5. Mastering,2
DA016,6. Review & Revision,3
DA016,7. Final Delivery & Archiving,1
DA017,1. Tiếp nhận yêu cầu & Khởi tạo dự án,1
DA017,2. Pre-production / Lên ý tưởng,3
DA017,3. Production / Arranging,6
DA017,4. Mixing,3
DA017,5. Mastering,1
DA017,6. Review & Revision,2
DA017,7. Final Delivery & Archiving,0
DA018,1. Tiếp nhận yêu cầu & Khởi tạo dự án,1
DA018,2. Pre-production / Lên ý tưởng,3
DA018,3. Production / Arranging,9
DA018,4. Mixing,5
DA018,5. Mastering,2
DA018,6. Review & Revision,6
DA018,7. Final Delivery & Archiving,1
DA019,1. Tiếp nhận yêu cầu & Khởi tạo dự án,1
DA019,2. Pre-production / Lên ý tưởng,3
DA019,3. Production / Arranging,4
DA019,4. Mixing,2
DA019,5. Mastering,1
DA019,6. Review & Revision,2
DA019,7. Final Delivery & Archiving,1
DA020,1. Tiếp nhận yêu cầu & Khởi tạo dự án,1
DA020,2. Pre-production / Lên ý tưởng,3
DA020,3. Production / Arranging,6
DA020,4. Mixing,2
DA020,5. Mastering,1
DA020,6. Review & Revision,3
DA020,7. Final Delivery & Archiving,0
DA021,1. Tiếp nhận yêu cầu & Khởi tạo dự án,1
DA021,2. Pre-production / Lên ý tưởng,2
DA021,3. Production / Arranging,6
DA021,4. Mixing,3
DA021,5. Mastering,1
DA021,6. Review & Revision,6
DA021,7. Final Delivery & Archiving,1
DA022,1. Tiếp nhận yêu cầu & Khởi tạo dự án,1
DA022,2. Pre-production / Lên ý tưởng,3
DA022,3. Production / Arranging,9
DA022,4. Mixing,5
DA022,5. Mastering,2
DA022,6. Review & Revision,3
DA022,7. Final Delivery & Archiving,1
DA023,1. Tiếp nhận yêu cầu & Khởi tạo dự án,1
DA023,2. Pre-production / Lên ý tưởng,5
DA023,3. Production / Arranging,8
DA023,4. Mixing,3
DA023,5. Mastering,1
DA023,6. Review & Revision,3
DA023,7. Final Delivery & Archiving,1
DA024,1. Tiếp nhận yêu cầu & Khởi tạo dự án,0
DA024,2. Pre-production / Lên ý tưởng,2
DA024,3. Production / Arranging,5
DA024,4. Mixing,1
DA024,5. Mastering,1
DA024,6. Review & Revision,3
DA024,7. Final Delivery & Archiving,1
DA025,1. Tiếp nhận yêu cầu & Khởi tạo dự án,0
DA025,2. Pre-production / Lên ý tưởng,3
DA025,3. Production / Arranging,4
DA025,4. Mixing,3
DA025,5. Mastering,1
DA025,6. Review & Revision,3
DA025,7. Final Delivery & Archiving,1
DA026,1. Tiếp nhận yêu cầu & Khởi tạo dự án,1
DA026,2. Pre-production / Lên ý tưởng,2
DA026,3. Production / Arranging,3
DA026,4. Mixing,2
DA026,5. Mastering,1
DA026,6. Review & Revision,3
DA026,7. Final Delivery & Archiving,0
DA027,1. Tiếp nhận yêu cầu & Khởi tạo dự án,0
DA027,2. Pre-production / Lên ý tưởng,2
DA027,3. Production / Arranging,5
DA027,4. Mixing,2
DA027,5. Mastering,1
DA027,6. Review & Revision,2
DA027,7. Final Delivery & Archiving,1
DA028,1. Tiếp nhận yêu cầu & Khởi tạo dự án,1
DA028,2. Pre-production / Lên ý tưởng,4
DA028,3. Production / Arranging,8
DA028,4. Mixing,3
DA028,5. Mastering,2
DA028,6. Review & Revision,2
DA028,7. Final Delivery & Archiving,1
DA029,1. Tiếp nhận yêu cầu & Khởi tạo dự án,1
DA029,2. Pre-production / Lên ý tưởng,3
DA029,3. Production / Arranging,5
DA029,4. Mixing,2
DA029,5. Mastering,1
DA029,6. Review & Revision,2
DA029,7. Final Delivery & Archiving,0
DA030,1. Tiếp nhận yêu cầu & Khởi tạo dự án,1
DA030,2. Pre-production / Lên ý tưởng,3
DA030,3. Production / Arranging,6
DA030,4. Mixing,2
DA030,5. Mastering,2
DA030,6. Review & Revision,4
DA030,7. Final Delivery & Archiving,1
DA031,1. Tiếp nhận yêu cầu & Khởi tạo dự án,0
DA031,2. Pre-production / Lên ý tưởng,1
DA031,3. Production / Arranging,3
DA031,4. Mixing,1
DA031,5. Mastering,0
DA031,6. Review & Revision,1
DA031,7. Final Delivery & Archiving,0
DA032,1. Tiếp nhận yêu cầu & Khởi tạo dự án,1
DA032,2. Pre-production / Lên ý tưởng,5
DA032,3. Production / Arranging,9
DA032,4. Mixing,3
DA032,5. Mastering,1
DA032,6. Review & Revision,9
DA032,7. Final Delivery & Archiving,1
DA033,1. Tiếp nhận yêu cầu & Khởi tạo dự án,0
DA033,2. Pre-production / Lên ý tưởng,1
DA033,3. Production / Arranging,1
DA033,4. Mixing,1
DA033,5. Mastering,1
DA033,6. Review & Revision,1
DA033,7. Final Delivery & Archiving,0
DA034,1. Tiếp nhận yêu cầu & Khởi tạo dự án,1
DA034,2. Pre-production / Lên ý tưởng,3
DA034,3. Production / Arranging,5
DA034,4. Mixing,2
DA034,5. Mastering,1
DA034,6. Review & Revision,3
DA034,7. Final Delivery & Archiving,1
DA035,1. Tiếp nhận yêu cầu & Khởi tạo dự án,0
DA035,2. Pre-production / Lên ý tưởng,2
DA035,3. Production / Arranging,4
DA035,4. Mixing,2
DA035,5. Mastering,1
DA035,6. Review & Revision,1
DA035,7. Final Delivery & Archiving,1
DA036,1. Tiếp nhận yêu cầu & Khởi tạo dự án,1
DA036,2. Pre-production / Lên ý tưởng,3
DA036,3. Production / Arranging,6
DA036,4. Mixing,3
DA036,5. Mastering,1
DA036,6. Review & Revision,2
DA036,7. Final Delivery & Archiving,1
DA037,1. Tiếp nhận yêu cầu & Khởi tạo dự án,1
DA037,2. Pre-production / Lên ý tưởng,4
DA037,3. Production / Arranging,8
DA037,4. Mixing,4
DA037,5. Mastering,1
DA037,6. Review & Revision,7
DA037,7. Final Delivery & Archiving,1
DA038,1. Tiếp nhận yêu cầu & Khởi tạo dự án,1
DA038,2. Pre-production / Lên ý tưởng,4
DA038,3. Production / Arranging,6
DA038,4. Mixing,2
DA038,5. Mastering,1
DA038,6. Review & Revision,2
DA038,7. Final Delivery & Archiving,1
DA039,1. Tiếp nhận yêu cầu & Khởi tạo dự án,1
DA039,2. Pre-production / Lên ý tưởng,3
DA039,3. Production / Arranging,5
DA039,4. Mixing,3
DA039,5. Mastering,1
DA039,6. Review & Revision,4
DA039,7. Final Delivery & Archiving,1
DA040,1. Tiếp nhận yêu cầu & Khởi tạo dự án,1
DA040,2. Pre-production / Lên ý tưởng,2
DA040,3. Production / Arranging,5
DA040,4. Mixing,3
DA040,5. Mastering,1
DA040,6. Review & Revision,2
DA040,7. Final Delivery & Archiving,1
DA041,1. Tiếp nhận yêu cầu & Khởi tạo dự án,1
DA041,2. Pre-production / Lên ý tưởng,3
DA041,3. Production / Arranging,7
DA041,4. Mixing,3
DA041,5. Mastering,1
DA041,6. Review & Revision,2
DA041,7. Final Delivery & Archiving,1
DA042,1. Tiếp nhận yêu cầu & Khởi tạo dự án,1
DA042,2. Pre-production / Lên ý tưởng,2
DA042,3. Production / Arranging,6
DA042,4. Mixing,2
DA042,5. Mastering,1
DA042,6. Review & Revision,4
DA042,7. Final Delivery & Archiving,0
DA043,1. Tiếp nhận yêu cầu & Khởi tạo dự án,0
DA043,2. Pre-production / Lên ý tưởng,1
DA043,3. Production / Arranging,4
DA043,4. Mixing,2
DA043,5. Mastering,0
DA043,6. Review & Revision,1
DA043,7. Final Delivery & Archiving,0
DA044,1. Tiếp nhận yêu cầu & Khởi tạo dự án,1
DA044,2. Pre-production / Lên ý tưởng,5
DA044,3. Production / Arranging,9
DA044,4. Mixing,3
DA044,5. Mastering,2
DA044,6. Review & Revision,2
DA044,7. Final Delivery & Archiving,1
DA045,1. Tiếp nhận yêu cầu & Khởi tạo dự án,1
DA045,2. Pre-production / Lên ý tưởng,2
DA045,3. Production / Arranging,6
DA045,4. Mixing,2
DA045,5. Mastering,1
DA045,6. Review & Revision,2
DA045,7. Final Delivery & Archiving,0
DA046,1. Tiếp nhận yêu cầu & Khởi tạo dự án,2
DA046,2. Pre-production / Lên ý tưởng,3
DA046,3. Production / Arranging,10
DA046,4. Mixing,5
DA046,5. Mastering,2
DA046,6. Review & Revision,3
DA046,7. Final Delivery & Archiving,1
DA047,1. Tiếp nhận yêu cầu & Khởi tạo dự án,0
DA047,2. Pre-production / Lên ý tưởng,3
DA047,3. Production / Arranging,4
DA047,4. Mixing,3
DA047,5. Mastering,1
DA047,6. Review & Revision,3
DA047,7. Final Delivery & Archiving,1
DA048,1. Tiếp nhận yêu cầu & Khởi tạo dự án,1
DA048,2. Pre-production / Lên ý tưởng,4
DA048,3. Production / Arranging,5
DA048,4. Mixing,4
DA048,5. Mastering,1
DA048,6. Review & Revision,4
DA048,7. Final Delivery & Archiving,1
DA049,1. Tiếp nhận yêu cầu & Khởi tạo dự án,1
DA049,2. Pre-production / Lên ý tưởng,3
DA049,3. Production / Arranging,7
DA049,4. Mixing,2
DA049,5. Mastering,1
DA049,6. Review & Revision,4
DA049,7. Final Delivery & Archiving,1
DA050,1. Tiếp nhận yêu cầu & Khởi tạo dự án,1
DA050,2. Pre-production / Lên ý tưởng,5
DA050,3. Production / Arranging,7
DA050,4. Mixing,5
DA050,5. Mastering,1
DA050,6. Review & Revision,5
DA050,7. Final Delivery & Archiving,1
DA051,1. Tiếp nhận yêu cầu & Khởi tạo dự án,1
DA051,2. Pre-production / Lên ý tưởng,4
DA051,3. Production / Arranging,8
DA051,4. Mixing,4
DA051,5. Mastering,1
DA051,6. Review & Revision,2
DA051,7. Final Delivery & Archiving,1
DA052,1. Tiếp nhận yêu cầu & Khởi tạo dự án,1
DA052,2. Pre-production / Lên ý tưởng,4
DA052,3. Production / Arranging,7
DA052,4. Mixing,4
DA052,5. Mastering,1
DA052,6. Review & Revision,4
DA052,7. Final Delivery & Archiving,1
DA053,1. Tiếp nhận yêu cầu & Khởi tạo dự án,1
DA053,2. Pre-production / Lên ý tưởng,4
DA053,3. Production / Arranging,8
DA053,4. Mixing,3
DA053,5. Mastering,1
DA053,6. Review & Revision,3
DA053,7. Final Delivery & Archiving,1
DA054,1. Tiếp nhận yêu cầu & Khởi tạo dự án,1
DA054,2. Pre-production / Lên ý tưởng,6
DA054,3. Production / Arranging,7
DA054,4. Mixing,4
DA054,5. Mastering,2
DA054,6. Review & Revision,4
DA054,7. Final Delivery & Archiving,1
DA055,1. Tiếp nhận yêu cầu & Khởi tạo dự án,1
DA055,2. Pre-production / Lên ý tưởng,2
DA055,3. Production / Arranging,4
DA055,4. Mixing,2
DA055,5. Mastering,1
DA055,6. Review & Revision,2
DA055,7. Final Delivery & Archiving,0
DA056,1. Tiếp nhận yêu cầu & Khởi tạo dự án,0
DA056,2. Pre-production / Lên ý tưởng,2
DA056,3. Production / Arranging,7
DA056,4. Mixing,3
DA056,5. Mastering,1
DA056,6. Review & Revision,2
DA056,7. Final Delivery & Archiving,1
DA057,1. Tiếp nhận yêu cầu & Khởi tạo dự án,1
DA057,2. Pre-production / Lên ý tưởng,3
DA057,3. Production / Arranging,7
DA057,4. Mixing,3
DA057,5. Mastering,1
DA057,6. Review & Revision,4
DA057,7. Final Delivery & Archiving,0
DA058,1. Tiếp nhận yêu cầu & Khởi tạo dự án,1
DA058,2. Pre-production / Lên ý tưởng,3
DA058,3. Production / Arranging,5
DA058,4. Mixing,3
DA058,5. Mastering,1
DA058,6. Review & Revision,5
DA058,7. Final Delivery & Archiving,1
DA059,1. Tiếp nhận yêu cầu & Khởi tạo dự án,1
DA059,2. Pre-production / Lên ý tưởng,3
DA059,3. Production / Arranging,5
DA059,4. Mixing,2
DA059,5. Mastering,2
DA059,6. Review & Revision,2
DA059,7. Final Delivery & Archiving,1
DA060,1. Tiếp nhận yêu cầu & Khởi tạo dự án,0
DA060,2. Pre-production / Lên ý tưởng,1
DA060,3. Production / Arranging,2
DA060,4. Mixing,1
DA060,5. Mastering,0
DA060,6. Review & Revision,1
DA060,7. Final Delivery & Archiving,0
DA061,1. Tiếp nhận yêu cầu & Khởi tạo dự án,0
DA061,2. Pre-production / Lên ý tưởng,2
DA061,3. Production / Arranging,5
DA061,4. Mixing,2
DA061,5. Mastering,1
DA061,6. Review & Revision,3
DA061,7. Final Delivery & Archiving,1
DA062,1. Tiếp nhận yêu cầu & Khởi tạo dự án,0
DA062,2. Pre-production / Lên ý tưởng,2
DA062,3. Production / Arranging,6
DA062,4. Mixing,3
DA062,5. Mastering,1
DA062,6. Review & Revision,1
DA062,7. Final Delivery & Archiving,1
DA063,1. Tiếp nhận yêu cầu & Khởi tạo dự án,1
DA063,2. Pre-production / Lên ý tưởng,2
DA063,3. Production / Arranging,6
DA063,4. Mixing,3
DA063,5. Mastering,1
DA063,6. Review & Revision,2
DA063,7. Final Delivery & Archiving,1
DA064,1. Tiếp nhận yêu cầu & Khởi tạo dự án,0
DA064,2. Pre-production / Lên ý tưởng,2
DA064,3. Production / Arranging,4
DA064,4. Mixing,2
DA064,5. Mastering,1
DA064,6. Review & Revision,2
DA064,7. Final Delivery & Archiving,0
DA065,1. Tiếp nhận yêu cầu & Khởi tạo dự án,1
DA065,2. Pre-production / Lên ý tưởng,2
DA065,3. Production / Arranging,4
DA065,4. Mixing,2
DA065,5. Mastering,1
DA065,6. Review & Revision,1
DA065,7. Final Delivery & Archiving,1
DA066,1. Tiếp nhận yêu cầu & Khởi tạo dự án,1
DA066,2. Pre-production / Lên ý tưởng,2
DA066,3. Production / Arranging,3
DA066,4. Mixing,1
DA066,5. Mastering,1
DA066,6. Review & Revision,1
DA066,7. Final Delivery & Archiving,0
DA067,1. Tiếp nhận yêu cầu & Khởi tạo dự án,2
DA067,2. Pre-production / Lên ý tưởng,5
DA067,3. Production / Arranging,9
DA067,4. Mixing,4
DA067,5. Mastering,1
DA067,6. Review & Revision,6
DA067,7. Final Delivery & Archiving,2
DA068,1. Tiếp nhận yêu cầu & Khởi tạo dự án,1
DA068,2. Pre-production / Lên ý tưởng,3
DA068,3. Production / Arranging,7
DA068,4. Mixing,2
DA068,5. Mastering,1
DA068,6. Review & Revision,2
DA068,7. Final Delivery & Archiving,1
DA069,1. Tiếp nhận yêu cầu & Khởi tạo dự án,0
DA069,2. Pre-production / Lên ý tưởng,1
DA069,3. Production / Arranging,3
DA069,4. Mixing,1
DA069,5. Mastering,1
DA069,6. Review & Revision,1
DA069,7. Final Delivery & Archiving,0
DA070,1. Tiếp nhận yêu cầu & Khởi tạo dự án,1
DA070,2. Pre-production / Lên ý tưởng,2
DA070,3. Production / Arranging,5
DA070,4. Mixing,3
DA070,5. Mastering,1
DA070,6. Review & Revision,2
DA070,7. Final Delivery & Archiving,0
DA071,1. Tiếp nhận yêu cầu & Khởi tạo dự án,1
DA071,2. Pre-production / Lên ý tưởng,3
DA071,3. Production / Arranging,7
DA071,4. Mixing,4
DA071,5. Mastering,2
DA071,6. Review & Revision,3
DA071,7. Final Delivery & Archiving,1
DA072,1. Tiếp nhận yêu cầu & Khởi tạo dự án,1
DA072,2. Pre-production / Lên ý tưởng,4
DA072,3. Production / Arranging,9
DA072,4. Mixing,4
DA072,5. Mastering,1
DA072,6. Review & Revision,3
DA072,7. Final Delivery & Archiving,1
DA073,1. Tiếp nhận yêu cầu & Khởi tạo dự án,1
DA073,2. Pre-production / Lên ý tưởng,5
DA073,3. Production / Arranging,10
DA073,4. Mixing,4
DA073,5. Mastering,2
DA073,6. Review & Revision,3
DA073,7. Final Delivery & Archiving,1
DA074,1. Tiếp nhận yêu cầu & Khởi tạo dự án,1
DA074,2. Pre-production / Lên ý tưởng,3
DA074,3. Production / Arranging,9
DA074,4. Mixing,4
DA074,5. Mastering,2
DA074,6. Review & Revision,3
DA074,7. Final Delivery & Archiving,1
DA075,1. Tiếp nhận yêu cầu & Khởi tạo dự án,1
DA075,2. Pre-production / Lên ý tưởng,4
DA075,3. Production / Arranging,7
DA075,4. Mixing,4
DA075,5. Mastering,1
DA075,6. Review & Revision,3
DA075,7. Final Delivery & Archiving,1
DA076,1. Tiếp nhận yêu cầu & Khởi tạo dự án,0
DA076,2. Pre-production / Lên ý tưởng,3
DA076,3. Production / Arranging,3
DA076,4. Mixing,3
DA076,5. Mastering,1
DA076,6. Review & Revision,3
DA076,7. Final Delivery & Archiving,0
DA077,1. Tiếp nhận yêu cầu & Khởi tạo dự án,0
DA077,2. Pre-production / Lên ý tưởng,1
DA077,3. Production / Arranging,3
DA077,4. Mixing,1
DA077,5. Mastering,1
DA077,6. Review & Revision,1
DA077,7. Final Delivery & Archiving,0
DA078,1. Tiếp nhận yêu cầu & Khởi tạo dự án,1
DA078,2. Pre-production / Lên ý tưởng,3
DA078,3. Production / Arranging,5
DA078,4. Mixing,3
DA078,5. Mastering,1
DA078,6. Review & Revision,2
DA078,7. Final Delivery & Archiving,0
DA079,1. Tiếp nhận yêu cầu & Khởi tạo dự án,1
DA079,2. Pre-production / Lên ý tưởng,6
DA079,3. Production / Arranging,7
DA079,4. Mixing,6
DA079,5. Mastering,2
DA079,6. Review & Revision,9
DA079,7. Final Delivery & Archiving,1
DA080,1. Tiếp nhận yêu cầu & Khởi tạo dự án,1
DA080,2. Pre-production / Lên ý tưởng,2
DA080,3. Production / Arranging,3
DA080,4. Mixing,2
DA080,5. Mastering,1
DA080,6. Review & Revision,1
DA080,7. Final Delivery & Archiving,0
DA081,1. Tiếp nhận yêu cầu & Khởi tạo dự án,0
DA081,2. Pre-production / Lên ý tưởng,2
DA081,3. Production / Arranging,5
DA081,4. Mixing,3
DA081,5. Mastering,1
DA081,6. Review & Revision,2
DA081,7. Final Delivery & Archiving,1
DA082,1. Tiếp nhận yêu cầu & Khởi tạo dự án,1
DA082,2. Pre-production / Lên ý tưởng,2
DA082,3. Production / Arranging,5
DA082,4. Mixing,3
DA082,5. Mastering,1
DA082,6. Review & Revision,2
DA082,7. Final Delivery & Archiving,1
DA083,1. Tiếp nhận yêu cầu & Khởi tạo dự án,0
DA083,2. Pre-production / Lên ý tưởng,1
DA083,3. Production / Arranging,3
DA083,4. Mixing,1
DA083,5. Mastering,1
DA083,6. Review & Revision,1
DA083,7. Final Delivery & Archiving,0
DA084,1. Tiếp nhận yêu cầu & Khởi tạo dự án,1
DA084,2. Pre-production / Lên ý tưởng,3
DA084,3. Production / Arranging,7
DA084,4. Mixing,3
DA084,5. Mastering,1
DA084,6. Review & Revision,6
DA084,7. Final Delivery & Archiving,1
DA085,1. Tiếp nhận yêu cầu & Khởi tạo dự án,1
DA085,2. Pre-production / Lên ý tưởng,2
DA085,3. Production / Arranging,3
DA085,4. Mixing,1
DA085,5. Mastering,1
DA085,6. Review & Revision,1
DA085,7. Final Delivery & Archiving,0
DA086,1. Tiếp nhận yêu cầu & Khởi tạo dự án,1
DA086,2. Pre-production / Lên ý tưởng,3
DA086,3. Production / Arranging,5
DA086,4. Mixing,2
DA086,5. Mastering,1
DA086,6. Review & Revision,2
DA086,7. Final Delivery & Archiving,1
DA087,1. Tiếp nhận yêu cầu & Khởi tạo dự án,1
DA087,2. Pre-production / Lên ý tưởng,3
DA087,3. Production / Arranging,7
DA087,4. Mixing,2
DA087,5. Mastering,2
DA087,6. Review & Revision,7
DA087,7. Final Delivery & Archiving,1
DA088,1. Tiếp nhận yêu cầu & Khởi tạo dự án,1
DA088,2. Pre-production / Lên ý tưởng,3
DA088,3. Production / Arranging,6
DA088,4. Mixing,4
DA088,5. Mastering,1
DA088,6. Review & Revision,2
DA088,7. Final Delivery & Archiving,1
DA089,1. Tiếp nhận yêu cầu & Khởi tạo dự án,0
DA089,2. Pre-production / Lên ý tưởng,2
DA089,3. Production / Arranging,3
DA089,4. Mixing,2
DA089,5. Mastering,1
DA089,6. Review & Revision,1
DA089,7. Final Delivery & Archiving,0
DA090,1. Tiếp nhận yêu cầu & Khởi tạo dự án,0
DA090,2. Pre-production / Lên ý tưởng,2
DA090,3. Production / Arranging,2
DA090,4. Mixing,2
DA090,5. Mastering,0
DA090,6. Review & Revision,1
DA090,7. Final Delivery & Archiving,0
DA091,1. Tiếp nhận yêu cầu & Khởi tạo dự án,0
DA091,2. Pre-production / Lên ý tưởng,2
DA091,3. Production / Arranging,4
DA091,4. Mixing,2
DA091,5. Mastering,1
DA091,6. Review & Revision,2
DA091,7. Final Delivery & Archiving,0
DA092,1. Tiếp nhận yêu cầu & Khởi tạo dự án,1
DA092,2. Pre-production / Lên ý tưởng,2
DA092,3. Production / Arranging,4
DA092,4. Mixing,2
DA092,5. Mastering,1
DA092,6. Review & Revision,2
DA092,7. Final Delivery & Archiving,1
DA093,1. Tiếp nhận yêu cầu & Khởi tạo dự án,1
DA093,2. Pre-production / Lên ý tưởng,4
DA093,3. Production / Arranging,5
DA093,4. Mixing,3
DA093,5. Mastering,2
DA093,6. Review & Revision,3
DA093,7. Final Delivery & Archiving,1
DA094,1. Tiếp nhận yêu cầu & Khởi tạo dự án,1
DA094,2. Pre-production / Lên ý tưởng,3
DA094,3. Production / Arranging,3
DA094,4. Mixing,3
DA094,5. Mastering,1
DA094,6. Review & Revision,3
DA094,7. Final Delivery & Archiving,1
DA095,1. Tiếp nhận yêu cầu & Khởi tạo dự án,1
DA095,2. Pre-production / Lên ý tưởng,3
DA095,3. Production / Arranging,5
DA095,4. Mixing,3
DA095,5. Mastering,1
DA095,6. Review & Revision,4
DA095,7. Final Delivery & Archiving,0
DA096,1. Tiếp nhận yêu cầu & Khởi tạo dự án,1
DA096,2. Pre-production / Lên ý tưởng,2
DA096,3. Production / Arranging,5
DA096,4. Mixing,2
DA096,5. Mastering,1
DA096,6. Review & Revision,2
DA096,7. Final Delivery & Archiving,1
DA097,1. Tiếp nhận yêu cầu & Khởi tạo dự án,1
DA097,2. Pre-production / Lên ý tưởng,2
DA097,3. Production / Arranging,5
DA097,4. Mixing,3
DA097,5. Mastering,1
DA097,6. Review & Revision,3
DA097,7. Final Delivery & Archiving,0
DA098,1. Tiếp nhận yêu cầu & Khởi tạo dự án,1
DA098,2. Pre-production / Lên ý tưởng,3
DA098,3. Production / Arranging,4
DA098,4. Mixing,2
DA098,5. Mastering,1
DA098,6. Review & Revision,3
DA098,7. Final Delivery & Archiving,0
DA099,1. Tiếp nhận yêu cầu & Khởi tạo dự án,1
DA099,2. Pre-production / Lên ý tưởng,4
DA099,3. Production / Arranging,7
DA099,4. Mixing,5
DA099,5. Mastering,2
DA099,6. Review & Revision,6
DA099,7. Final Delivery & Archiving,1
DA100,1. Tiếp nhận yêu cầu & Khởi tạo dự án,1
DA100,2. Pre-production / Lên ý tưởng,4
DA100,3. Production / Arranging,9
DA100,4. Mixing,3
DA100,5. Mastering,2
DA100,6. Review & Revision,5
DA100,7. Final Delivery & Archiving,1
DA101,1. Tiếp nhận yêu cầu & Khởi tạo dự án,1
DA101,2. Pre-production / Lên ý tưởng,2
DA101,3. Production / Arranging,6
DA101,4. Mixing,3
DA101,5. Mastering,1
DA101,6. Review & Revision,2
DA101,7. Final Delivery & Archiving,1
DA102,1. Tiếp nhận yêu cầu & Khởi tạo dự án,0
DA102,2. Pre-production / Lên ý tưởng,2
DA102,3. Production / Arranging,3
DA102,4. Mixing,2
DA102,5. Mastering,1
DA102,6. Review & Revision,2
DA102,7. Final Delivery & Archiving,1
DA103,1. Tiếp nhận yêu cầu & Khởi tạo dự án,1
DA103,2. Pre-production / Lên ý tưởng,2
DA103,3. Production / Arranging,8
DA103,4. Mixing,3
DA103,5. Mastering,1
DA103,6. Review & Revision,6
DA103,7. Final Delivery & Archiving,1
DA104,1. Tiếp nhận yêu cầu & Khởi tạo dự án,1
DA104,2. Pre-production / Lên ý tưởng,1
DA104,3. Production / Arranging,4
DA104,4. Mixing,3
DA104,5. Mastering,1
DA104,6. Review & Revision,1
DA104,7. Final Delivery & Archiving,0
DA105,1. Tiếp nhận yêu cầu & Khởi tạo dự án,1
DA105,2. Pre-production / Lên ý tưởng,2
DA105,3. Production / Arranging,6
DA105,4. Mixing,2
DA105,5. Mastering,1
DA105,6. Review & Revision,2
DA105,7. Final Delivery & Archiving,1
DA106,1. Tiếp nhận yêu cầu & Khởi tạo dự án,1
DA106,2. Pre-production / Lên ý tưởng,3
DA106,3. Production / Arranging,6
DA106,4. Mixing,4
DA106,5. Mastering,1
DA106,6. Review & Revision,5
DA106,7. Final Delivery & Archiving,1
DA107,1. Tiếp nhận yêu cầu & Khởi tạo dự án,0
DA107,2. Pre-production / Lên ý tưởng,2
DA107,3. Production / Arranging,3
DA107,4. Mixing,2
DA107,5. Mastering,1
DA107,6. Review & Revision,2
DA107,7. Final Delivery & Archiving,0
DA108,1. Tiếp nhận yêu cầu & Khởi tạo dự án,1
DA108,2. Pre-production / Lên ý tưởng,5
DA108,3. Production / Arranging,8
DA108,4. Mixing,4
DA108,5. Mastering,2
DA108,6. Review & Revision,6
DA108,7. Final Delivery & Archiving,1
DA109,1. Tiếp nhận yêu cầu & Khởi tạo dự án,1
DA109,2. Pre-production / Lên ý tưởng,4
DA109,3. Production / Arranging,8
DA109,4. Mixing,3
DA109,5. Mastering,1
DA109,6. Review & Revision,5
DA109,7. Final Delivery & Archiving,1
DA110,1. Tiếp nhận yêu cầu & Khởi tạo dự án,0
DA110,2. Pre-production / Lên ý tưởng,2
DA110,3. Production / Arranging,5
DA110,4. Mixing,3
DA110,5. Mastering,1
DA110,6. Review & Revision,4
DA110,7. Final Delivery & Archiving,1
DA111,1. Tiếp nhận yêu cầu & Khởi tạo dự án,1
DA111,2. Pre-production / Lên ý tưởng,1
DA111,3. Production / Arranging,3
DA111,4. Mixing,1
DA111,5. Mastering,1
DA111,6. Review & Revision,1
DA111,7. Final Delivery & Archiving,0
DA112,1. Tiếp nhận yêu cầu & Khởi tạo dự án,1
DA112,2. Pre-production / Lên ý tưởng,2
DA112,3. Production / Arranging,4
DA112,4. Mixing,3
DA112,5. Mastering,1
DA112,6. Review & Revision,2
DA112,7. Final Delivery & Archiving,0
DA113,1. Tiếp nhận yêu cầu & Khởi tạo dự án,1
DA113,2. Pre-production / Lên ý tưởng,2
DA113,3. Production / Arranging,3
DA113,4. Mixing,2
DA113,5. Mastering,1
DA113,6. Review & Revision,2
DA113,7. Final Delivery & Archiving,0
DA114,1. Tiếp nhận yêu cầu & Khởi tạo dự án,1
DA114,2. Pre-production / Lên ý tưởng,2
DA114,3. Production / Arranging,5
DA114,4. Mixing,2
DA114,5. Mastering,1
DA114,6. Review & Revision,1
DA114,7. Final Delivery & Archiving,0
DA115,1. Tiếp nhận yêu cầu & Khởi tạo dự án,1
DA115,2. Pre-production / Lên ý tưởng,3
DA115,3. Production / Arranging,7
DA115,4. Mixing,4
DA115,5. Mastering,1
DA115,6. Review & Revision,2
DA115,7. Final Delivery & Archiving,1
DA116,1. Tiếp nhận yêu cầu & Khởi tạo dự án,1
DA116,2. Pre-production / Lên ý tưởng,2
DA116,3. Production / Arranging,5
DA116,4. Mixing,2
DA116,5. Mastering,1
DA116,6. Review & Revision,2
DA116,7. Final Delivery & Archiving,1
DA117,1. Tiếp nhận yêu cầu & Khởi tạo dự án,0
DA117,2. Pre-production / Lên ý tưởng,1
DA117,3. Production / Arranging,3
DA117,4. Mixing,1
DA117,5. Mastering,1
DA117,6. Review & Revision,1
DA117,7. Final Delivery & Archiving,1
DA118,1. Tiếp nhận yêu cầu & Khởi tạo dự án,2
DA118,2. Pre-production / Lên ý tưởng,5
DA118,3. Production / Arranging,10
DA118,4. Mixing,6
DA118,5. Mastering,2
DA118,6. Review & Revision,7
DA118,7. Final Delivery & Archiving,1
DA119,1. Tiếp nhận yêu cầu & Khởi tạo dự án,1
DA119,2. Pre-production / Lên ý tưởng,5
DA119,3. Production / Arranging,12
DA119,4. Mixing,5
DA119,5. Mastering,2
DA119,6. Review & Revision,7
DA119,7. Final Delivery & Archiving,1
DA120,1. Tiếp nhận yêu cầu & Khởi tạo dự án,1
DA120,2. Pre-production / Lên ý tưởng,2
DA120,3. Production / Arranging,5
DA120,4. Mixing,3
DA120,5. Mastering,1
DA120,6. Review & Revision,2
DA120,7. Final Delivery & Archiving,1
DA121,1. Tiếp nhận yêu cầu & Khởi tạo dự án,1
DA121,2. Pre-production / Lên ý tưởng,2
DA121,3. Production / Arranging,5
DA121,4. Mixing,3
DA121,5. Mastering,1
DA121,6. Review & Revision,5
DA121,7. Final Delivery & Archiving,1
DA122,1. Tiếp nhận yêu cầu & Khởi tạo dự án,1
DA122,2. Pre-production / Lên ý tưởng,3
DA122,3. Production / Arranging,5
DA122,4. Mixing,3
DA122,5. Mastering,1
DA122,6. Review & Revision,4
DA122,7. Final Delivery & Archiving,1
DA123,1. Tiếp nhận yêu cầu & Khởi tạo dự án,1
DA123,2. Pre-production / Lên ý tưởng,3
DA123,3. Production / Arranging,5
DA123,4. Mixing,3
DA123,5. Mastering,1
DA123,6. Review & Revision,3
DA123,7. Final Delivery & Archiving,1
DA124,1. Tiếp nhận yêu cầu & Khởi tạo dự án,1
DA124,2. Pre-production / Lên ý tưởng,2
DA124,3. Production / Arranging,4
DA124,4. Mixing,2
DA124,5. Mastering,1
DA124,6. Review & Revision,2
DA124,7. Final Delivery & Archiving,1
DA125,1. Tiếp nhận yêu cầu & Khởi tạo dự án,1
DA125,2. Pre-production / Lên ý tưởng,3
DA125,3. Production / Arranging,6
DA125,4. Mixing,2
DA125,5. Mastering,1
DA125,6. Review & Revision,2
DA125,7. Final Delivery & Archiving,1
DA126,1. Tiếp nhận yêu cầu & Khởi tạo dự án,1
DA126,2. Pre-production / Lên ý tưởng,2
DA126,3. Production / Arranging,3
DA126,4. Mixing,2
DA126,5. Mastering,1
DA126,6. Review & Revision,2
DA126,7. Final Delivery & Archiving,0
DA127,1. Tiếp nhận yêu cầu & Khởi tạo dự án,1
DA127,2. Pre-production / Lên ý tưởng,2
DA127,3. Production / Arranging,5
DA127,4. Mixing,3
DA127,5. Mastering,1
DA127,6. Review & Revision,2
DA127,7. Final Delivery & Archiving,1
DA128,1. Tiếp nhận yêu cầu & Khởi tạo dự án,1
DA128,2. Pre-production / Lên ý tưởng,2
DA128,3. Production / Arranging,4
DA128,4. Mixing,2
DA128,5. Mastering,1
DA128,6. Review & Revision,2
DA128,7. Final Delivery & Archiving,0
DA129,1. Tiếp nhận yêu cầu & Khởi tạo dự án,1
DA129,2. Pre-production / Lên ý tưởng,4
DA129,3. Production / Arranging,7
DA129,4. Mixing,4
DA129,5. Mastering,1
DA129,6. Review & Revision,4
DA129,7. Final Delivery & Archiving,1
DA130,1. Tiếp nhận yêu cầu & Khởi tạo dự án,0
DA130,2. Pre-production / Lên ý tưởng,2
DA130,3. Production / Arranging,6
DA130,4. Mixing,3
DA130,5. Mastering,1
DA130,6. Review & Revision,3
DA130,7. Final Delivery & Archiving,1
DA131,1. Tiếp nhận yêu cầu & Khởi tạo dự án,0
DA131,2. Pre-production / Lên ý tưởng,1
DA131,3. Production / Arranging,1
DA131,4. Mixing,1
DA131,5. Mastering,0
DA131,6. Review & Revision,1
DA131,7. Final Delivery & Archiving,0
DA132,1. Tiếp nhận yêu cầu & Khởi tạo dự án,1
DA132,2. Pre-production / Lên ý tưởng,2
DA132,3. Production / Arranging,4
DA132,4. Mixing,2
DA132,5. Mastering,1
DA132,6. Review & Revision,3
DA132,7. Final Delivery & Archiving,0
DA133,1. Tiếp nhận yêu cầu & Khởi tạo dự án,2
DA133,2. Pre-production / Lên ý tưởng,3
DA133,3. Production / Arranging,8
DA133,4. Mixing,3
DA133,5. Mastering,2
DA133,6. Review & Revision,4
DA133,7. Final Delivery & Archiving,1
DA134,1. Tiếp nhận yêu cầu & Khởi tạo dự án,1
DA134,2. Pre-production / Lên ý tưởng,3
DA134,3. Production / Arranging,5
DA134,4. Mixing,2
DA134,5. Mastering,1
DA134,6. Review & Revision,3
DA134,7. Final Delivery & Archiving,1
DA135,1. Tiếp nhận yêu cầu & Khởi tạo dự án,1
DA135,2. Pre-production / Lên ý tưởng,3
DA135,3. Production / Arranging,8
DA135,4. Mixing,3
DA135,5. Mastering,1
DA135,6. Review & Revision,3
DA135,7. Final Delivery & Archiving,1
DA136,1. Tiếp nhận yêu cầu & Khởi tạo dự án,1
DA136,2. Pre-production / Lên ý tưởng,2
DA136,3. Production / Arranging,5
DA136,4. Mixing,2
DA136,5. Mastering,1
DA136,6. Review & Revision,2
DA136,7. Final Delivery & Archiving,0
DA137,1. Tiếp nhận yêu cầu & Khởi tạo dự án,1
DA137,2. Pre-production / Lên ý tưởng,2
DA137,3. Production / Arranging,3
DA137,4. Mixing,1
DA137,5. Mastering,1
DA137,6. Review & Revision,1
DA137,7. Final Delivery & Archiving,0
DA138,1. Tiếp nhận yêu cầu & Khởi tạo dự án,1
DA138,2. Pre-production / Lên ý tưởng,4
DA138,3. Production / Arranging,10
DA138,4. Mixing,4
DA138,5. Mastering,2
DA138,6. Review & Revision,3
DA138,7. Final Delivery & Archiving,1
DA139,1. Tiếp nhận yêu cầu & Khởi tạo dự án,1
DA139,2. Pre-production / Lên ý tưởng,3
DA139,3. Production / Arranging,6
DA139,4. Mixing,5
DA139,5. Mastering,1
DA139,6. Review & Revision,5
DA139,7. Final Delivery & Archiving,1
DA140,1. Tiếp nhận yêu cầu & Khởi tạo dự án,1
DA140,2. Pre-production / Lên ý tưởng,3
DA140,3. Production / Arranging,5
DA140,4. Mixing,4
DA140,5. Mastering,1
DA140,6. Review & Revision,3
DA140,7. Final Delivery & Archiving,1
DA141,1. Tiếp nhận yêu cầu & Khởi tạo dự án,1
DA141,2. Pre-production / Lên ý tưởng,3
DA141,3. Production / Arranging,7
DA141,4. Mixing,3
DA141,5. Mastering,2
DA141,6. Review & Revision,3
DA141,7. Final Delivery & Archiving,1
DA142,1. Tiếp nhận yêu cầu & Khởi tạo dự án,1
DA142,2. Pre-production / Lên ý tưởng,3
DA142,3. Production / Arranging,5
DA142,4. Mixing,4
DA142,5. Mastering,1
DA142,6. Review & Revision,4
DA142,7. Final Delivery & Archiving,1
DA143,1. Tiếp nhận yêu cầu & Khởi tạo dự án,1
DA143,2. Pre-production / Lên ý tưởng,3
DA143,3. Production / Arranging,9
DA143,4. Mixing,4
DA143,5. Mastering,2
DA143,6. Review & Revision,6
DA143,7. Final Delivery & Archiving,1
DA144,1. Tiếp nhận yêu cầu & Khởi tạo dự án,1
DA144,2. Pre-production / Lên ý tưởng,2
DA144,3. Production / Arranging,5
DA144,4. Mixing,3
DA144,5. Mastering,1
DA144,6. Review & Revision,2
DA144,7. Final Delivery & Archiving,1
DA145,1. Tiếp nhận yêu cầu & Khởi tạo dự án,1
DA145,2. Pre-production / Lên ý tưởng,4
DA145,3. Production / Arranging,7
DA145,4. Mixing,3
DA145,5. Mastering,2
DA145,6. Review & Revision,2
DA145,7. Final Delivery & Archiving,1
DA146,1. Tiếp nhận yêu cầu & Khởi tạo dự án,0
DA146,2. Pre-production / Lên ý tưởng,2
DA146,3. Production / Arranging,4
DA146,4. Mixing,2
DA146,5. Mastering,1
DA146,6. Review & Revision,1
DA146,7. Final Delivery & Archiving,0
DA147,1. Tiếp nhận yêu cầu & Khởi tạo dự án,1
DA147,2. Pre-production / Lên ý tưởng,3
DA147,3. Production / Arranging,5
DA147,4. Mixing,4
DA147,5. Mastering,2
DA147,6. Review & Revision,4
DA147,7. Final Delivery & Archiving,1
DA148,1. Tiếp nhận yêu cầu & Khởi tạo dự án,1
DA148,2. Pre-production / Lên ý tưởng,3
DA148,3. Production / Arranging,9
DA148,4. Mixing,4
DA148,5. Mastering,1
DA148,6. Review & Revision,3
DA148,7. Final Delivery & Archiving,1
DA149,1. Tiếp nhận yêu cầu & Khởi tạo dự án,1
DA149,2. Pre-production / Lên ý tưởng,3
DA149,3. Production / Arranging,6
DA149,4. Mixing,2
DA149,5. Mastering,1
DA149,6. Review & Revision,2
DA149,7. Final Delivery & Archiving,0
DA150,1. Tiếp nhận yêu cầu & Khởi tạo dự án,0
DA150,2. Pre-production / Lên ý tưởng,1
DA150,3. Production / Arranging,1
DA150,4. Mixing,1
DA150,5. Mastering,0
DA150,6. Review & Revision,0
DA150,7. Final Delivery & Archiving,0
DA151,1. Tiếp nhận yêu cầu & Khởi tạo dự án,1
DA151,2. Pre-production / Lên ý tưởng,3
DA151,3. Production / Arranging,10
DA151,4. Mixing,3
DA151,5. Mastering,2
DA151,6. Review & Revision,7
DA151,7. Final Delivery & Archiving,1
DA152,1. Tiếp nhận yêu cầu & Khởi tạo dự án,1
DA152,2. Pre-production / Lên ý tưởng,3
DA152,3. Production / Arranging,7
DA152,4. Mixing,3
DA152,5. Mastering,2
DA152,6. Review & Revision,8
DA152,7. Final Delivery & Archiving,1
DA153,1. Tiếp nhận yêu cầu & Khởi tạo dự án,1
DA153,2. Pre-production / Lên ý tưởng,3
DA153,3. Production / Arranging,7
DA153,4. Mixing,4
DA153,5. Mastering,1
DA153,6. Review & Revision,5
DA153,7. Final Delivery & Archiving,1
DA154,1. Tiếp nhận yêu cầu & Khởi tạo dự án,0
DA154,2. Pre-production / Lên ý tưởng,1
DA154,3. Production / Arranging,3
DA154,4. Mixing,2
DA154,5. Mastering,1
DA154,6. Review & Revision,2
DA154,7. Final Delivery & Archiving,0
DA155,1. Tiếp nhận yêu cầu & Khởi tạo dự án,1
DA155,2. Pre-production / Lên ý tưởng,4
DA155,3. Production / Arranging,6
DA155,4. Mixing,4
DA155,5. Mastering,1
DA155,6. Review & Revision,3
DA155,7. Final Delivery & Archiving,1
DA156,1. Tiếp nhận yêu cầu & Khởi tạo dự án,1
DA156,2. Pre-production / Lên ý tưởng,6
DA156,3. Production / Arranging,9
DA156,4. Mixing,5
DA156,5. Mastering,2
DA156,6. Review & Revision,7
DA156,7. Final Delivery & Archiving,1
DA157,1. Tiếp nhận yêu cầu & Khởi tạo dự án,1
DA157,2. Pre-production / Lên ý tưởng,2
DA157,3. Production / Arranging,3
DA157,4. Mixing,3
DA157,5. Mastering,1
DA157,6. Review & Revision,2
DA157,7. Final Delivery & Archiving,0
DA158,1. Tiếp nhận yêu cầu & Khởi tạo dự án,2
DA158,2. Pre-production / Lên ý tưởng,3
DA158,3. Production / Arranging,9
DA158,4. Mixing,5
DA158,5. Mastering,1
DA158,6. Review & Revision,2
DA158,7. Final Delivery & Archiving,1
DA159,1. Tiếp nhận yêu cầu & Khởi tạo dự án,1
DA159,2. Pre-production / Lên ý tưởng,6
DA159,3. Production / Arranging,7
DA159,4. Mixing,4
DA159,5. Mastering,2
DA159,6. Review & Revision,5
DA159,7. Final Delivery & Archiving,1
DA160,1. Tiếp nhận yêu cầu & Khởi tạo dự án,1
DA160,2. Pre-production / Lên ý tưởng,4
DA160,3. Production / Arranging,8
DA160,4. Mixing,3
DA160,5. Mastering,1
DA160,6. Review & Revision,2
DA160,7. Final Delivery & Archiving,1
DA161,1. Tiếp nhận yêu cầu & Khởi tạo dự án,1
DA161,2. Pre-production / Lên ý tưởng,2
DA161,3. Production / Arranging,7
DA161,4. Mixing,3
DA161,5. Mastering,1
DA161,6. Review & Revision,3
DA161,7. Final Delivery & Archiving,1
DA162,1. Tiếp nhận yêu cầu & Khởi tạo dự án,1
DA162,2. Pre-production / Lên ý tưởng,1
DA162,3. Production / Arranging,4
DA162,4. Mixing,2
DA162,5. Mastering,1
DA162,6. Review & Revision,2
DA162,7. Final Delivery & Archiving,0
DA163,1. Tiếp nhận yêu cầu & Khởi tạo dự án,1
DA163,2. Pre-production / Lên ý tưởng,5
DA163,3. Production / Arranging,8
DA163,4. Mixing,5
DA163,5. Mastering,2
DA163,6. Review & Revision,8
DA163,7. Final Delivery & Archiving,1
DA164,1. Tiếp nhận yêu cầu & Khởi tạo dự án,1
DA164,2. Pre-production / Lên ý tưởng,3
DA164,3. Production / Arranging,5
DA164,4. Mixing,4
DA164,5. Mastering,1
DA164,6. Review & Revision,3
DA164,7. Final Delivery & Archiving,1
DA165,1. Tiếp nhận yêu cầu & Khởi tạo dự án,1
DA165,2. Pre-production / Lên ý tưởng,2
DA165,3. Production / Arranging,3
DA165,4. Mixing,2
DA165,5. Mastering,1
DA165,6. Review & Revision,2
DA165,7. Final Delivery & Archiving,0
DA166,1. Tiếp nhận yêu cầu & Khởi tạo dự án,0
DA166,2. Pre-production / Lên ý tưởng,2
DA166,3. Production / Arranging,4
DA166,4. Mixing,1
DA166,5. Mastering,1
DA166,6. Review & Revision,1
DA166,7. Final Delivery & Archiving,1
DA167,1. Tiếp nhận yêu cầu & Khởi tạo dự án,1
DA167,2. Pre-production / Lên ý tưởng,4
DA167,3. Production / Arranging,7
DA167,4. Mixing,5
DA167,5. Mastering,2
DA167,6. Review & Revision,4
DA167,7. Final Delivery & Archiving,1
DA168,1. Tiếp nhận yêu cầu & Khởi tạo dự án,0
DA168,2. Pre-production / Lên ý tưởng,1
DA168,3. Production / Arranging,3
DA168,4. Mixing,2
DA168,5. Mastering,1
DA168,6. Review & Revision,2
DA168,7. Final Delivery & Archiving,0
DA169,1. Tiếp nhận yêu cầu & Khởi tạo dự án,1
DA169,2. Pre-production / Lên ý tưởng,3
DA169,3. Production / Arranging,6
DA169,4. Mixing,3
DA169,5. Mastering,2
DA169,6. Review & Revision,4
DA169,7. Final Delivery & Archiving,1
DA170,1. Tiếp nhận yêu cầu & Khởi tạo dự án,1
DA170,2. Pre-production / Lên ý tưởng,2
DA170,3. Production / Arranging,3
DA170,4. Mixing,1
DA170,5. Mastering,1
DA170,6. Review & Revision,2
DA170,7. Final Delivery & Archiving,0
DA171,1. Tiếp nhận yêu cầu & Khởi tạo dự án,1
DA171,2. Pre-production / Lên ý tưởng,1
DA171,3. Production / Arranging,3
DA171,4. Mixing,1
DA171,5. Mastering,1
DA171,6. Review & Revision,1
DA171,7. Final Delivery & Archiving,0
DA172,1. Tiếp nhận yêu cầu & Khởi tạo dự án,0
DA172,2. Pre-production / Lên ý tưởng,3
DA172,3. Production / Arranging,8
DA172,4. Mixing,4
DA172,5. Mastering,1
DA172,6. Review & Revision,4
DA172,7. Final Delivery & Archiving,1
DA173,1. Tiếp nhận yêu cầu & Khởi tạo dự án,1
DA173,2. Pre-production / Lên ý tưởng,1
DA173,3. Production / Arranging,3
DA173,4. Mixing,1
DA173,5. Mastering,0
DA173,6. Review & Revision,1
DA173,7. Final Delivery & Archiving,1
DA174,1. Tiếp nhận yêu cầu & Khởi tạo dự án,1
DA174,2. Pre-production / Lên ý tưởng,1
DA174,3. Production / Arranging,3
DA174,4. Mixing,1
DA174,5. Mastering,1
DA174,6. Review & Revision,2
DA174,7. Final Delivery & Archiving,0
DA175,1. Tiếp nhận yêu cầu & Khởi tạo dự án,1
DA175,2. Pre-production / Lên ý tưởng,4
DA175,3. Production / Arranging,7
DA175,4. Mixing,4
DA175,5. Mastering,1
DA175,6. Review & Revision,4
DA175,7. Final Delivery & Archiving,1
DA176,1. Tiếp nhận yêu cầu & Khởi tạo dự án,0
DA176,2. Pre-production / Lên ý tưởng,1
DA176,3. Production / Arranging,3
DA176,4. Mixing,1
DA176,5. Mastering,1
DA176,6. Review & Revision,1
DA176,7. Final Delivery & Archiving,1
DA177,1. Tiếp nhận yêu cầu & Khởi tạo dự án,1
DA177,2. Pre-production / Lên ý tưởng,4
DA177,3. Production / Arranging,7
DA177,4. Mixing,5
DA177,5. Mastering,2
DA177,6. Review & Revision,3
DA177,7. Final Delivery & Archiving,1
DA178,1. Tiếp nhận yêu cầu & Khởi tạo dự án,0
DA178,2. Pre-production / Lên ý tưởng,2
DA178,3. Production / Arranging,2
DA178,4. Mixing,2
DA178,5. Mastering,1
DA178,6. Review & Revision,1
DA178,7. Final Delivery & Archiving,0
DA179,1. Tiếp nhận yêu cầu & Khởi tạo dự án,1
DA179,2. Pre-production / Lên ý tưởng,4
DA179,3. Production / Arranging,6
DA179,4. Mixing,4
DA179,5. Mastering,2
DA179,6. Review & Revision,4
DA179,7. Final Delivery & Archiving,1
DA180,1. Tiếp nhận yêu cầu & Khởi tạo dự án,1
DA180,2. Pre-production / Lên ý tưởng,3
DA180,3. Production / Arranging,5
DA180,4. Mixing,3
DA180,5. Mastering,1
DA180,6. Review & Revision,2
DA180,7. Final Delivery & Archiving,1
DA181,1. Tiếp nhận yêu cầu & Khởi tạo dự án,1
DA181,2. Pre-production / Lên ý tưởng,3
DA181,3. Production / Arranging,6
DA181,4. Mixing,3
DA181,5. Mastering,1
DA181,6. Review & Revision,3
DA181,7. Final Delivery & Archiving,1
DA182,1. Tiếp nhận yêu cầu & Khởi tạo dự án,1
DA182,2. Pre-production / Lên ý tưởng,2
DA182,3. Production / Arranging,7
DA182,4. Mixing,4
DA182,5. Mastering,1
DA182,6. Review & Revision,2
DA182,7. Final Delivery & Archiving,1
DA183,1. Tiếp nhận yêu cầu & Khởi tạo dự án,0
DA183,2. Pre-production / Lên ý tưởng,1
DA183,3. Production / Arranging,3
DA183,4. Mixing,1
DA183,5. Mastering,1
DA183,6. Review & Revision,1
DA183,7. Final Delivery & Archiving,0
DA184,1. Tiếp nhận yêu cầu & Khởi tạo dự án,1
DA184,2. Pre-production / Lên ý tưởng,5
DA184,3. Production / Arranging,11
DA184,4. Mixing,6
DA184,5. Mastering,2
DA184,6. Review & Revision,8
DA184,7. Final Delivery & Archiving,1
DA185,1. Tiếp nhận yêu cầu & Khởi tạo dự án,1
DA185,2. Pre-production / Lên ý tưởng,3
DA185,3. Production / Arranging,7
DA185,4. Mixing,3
DA185,5. Mastering,1
DA185,6. Review & Revision,2
DA185,7. Final Delivery & Archiving,1
DA186,1. Tiếp nhận yêu cầu & Khởi tạo dự án,1
DA186,2. Pre-production / Lên ý tưởng,2
DA186,3. Production / Arranging,5
DA186,4. Mixing,3
DA186,5. Mastering,1
DA186,6. Review & Revision,2
DA186,7. Final Delivery & Archiving,1
DA187,1. Tiếp nhận yêu cầu & Khởi tạo dự án,1
DA187,2. Pre-production / Lên ý tưởng,2
DA187,3. Production / Arranging,5
DA187,4. Mixing,3
DA187,5. Mastering,1
DA187,6. Review & Revision,2
DA187,7. Final Delivery & Archiving,0
DA188,1. Tiếp nhận yêu cầu & Khởi tạo dự án,0
DA188,2. Pre-production / Lên ý tưởng,3
DA188,3. Production / Arranging,5
DA188,4. Mixing,2
DA188,5. Mastering,1
DA188,6. Review & Revision,3
DA188,7. Final Delivery & Archiving,1
DA189,1. Tiếp nhận yêu cầu & Khởi tạo dự án,1
DA189,2. Pre-production / Lên ý tưởng,4
DA189,3. Production / Arranging,6
DA189,4. Mixing,5
DA189,5. Mastering,1
DA189,6. Review & Revision,5
DA189,7. Final Delivery & Archiving,1
DA190,1. Tiếp nhận yêu cầu & Khởi tạo dự án,1
DA190,2. Pre-production / Lên ý tưởng,3
DA190,3. Production / Arranging,6
DA190,4. Mixing,2
DA190,5. Mastering,1
DA190,6. Review & Revision,3
DA190,7. Final Delivery & Archiving,1
DA191,1. Tiếp nhận yêu cầu & Khởi tạo dự án,1
DA191,2. Pre-production / Lên ý tưởng,7
DA191,3. Production / Arranging,10
DA191,4. Mixing,7
DA191,5. Mastering,3
DA191,6. Review & Revision,9
DA191,7. Final Delivery & Archiving,2
DA192,1. Tiếp nhận yêu cầu & Khởi tạo dự án,0
DA192,2. Pre-production / Lên ý tưởng,2
DA192,3. Production / Arranging,5
DA192,4. Mixing,2
DA192,5. Mastering,1
DA192,6. Review & Revision,2
DA192,7. Final Delivery & Archiving,0
DA193,1. Tiếp nhận yêu cầu & Khởi tạo dự án,1
DA193,2. Pre-production / Lên ý tưởng,2
DA193,3. Production / Arranging,5
DA193,4. Mixing,2
DA193,5. Mastering,1
DA193,6. Review & Revision,2
DA193,7. Final Delivery & Archiving,0
DA194,1. Tiếp nhận yêu cầu & Khởi tạo dự án,1
DA194,2. Pre-production / Lên ý tưởng,4
DA194,3. Production / Arranging,8
DA194,4. Mixing,3
DA194,5. Mastering,2
DA194,6. Review & Revision,3
DA194,7. Final Delivery & Archiving,1
DA195,1. Tiếp nhận yêu cầu & Khởi tạo dự án,1
DA195,2. Pre-production / Lên ý tưởng,4
DA195,3. Production / Arranging,8
DA195,4. Mixing,3
DA195,5. Mastering,1
DA195,6. Review & Revision,7
DA195,7. Final Delivery & Archiving,1
DA196,1. Tiếp nhận yêu cầu & Khởi tạo dự án,0
DA196,2. Pre-production / Lên ý tưởng,2
DA196,3. Production / Arranging,3
DA196,4. Mixing,2
DA196,5. Mastering,1
DA196,6. Review & Revision,2
DA196,7. Final Delivery & Archiving,0
DA197,1. Tiếp nhận yêu cầu & Khởi tạo dự án,1
DA197,2. Pre-production / Lên ý tưởng,3
DA197,3. Production / Arranging,9
DA197,4. Mixing,3
DA197,5. Mastering,1
DA197,6. Review & Revision,7
DA197,7. Final Delivery & Archiving,1
DA198,1. Tiếp nhận yêu cầu & Khởi tạo dự án,1
DA198,2. Pre-production / Lên ý tưởng,5
DA198,3. Production / Arranging,9
DA198,4. Mixing,4
DA198,5. Mastering,1
DA198,6. Review & Revision,3
DA198,7. Final Delivery & Archiving,1
DA199,1. Tiếp nhận yêu cầu & Khởi tạo dự án,1
DA199,2. Pre-production / Lên ý tưởng,2
DA199,3. Production / Arranging,3
DA199,4. Mixing,3
DA199,5. Mastering,1
DA199,6. Review & Revision,2
DA199,7. Final Delivery & Archiving,0
DA200,1. Tiếp nhận yêu cầu & Khởi tạo dự án,1
DA200,2. Pre-production / Lên ý tưởng,2
DA200,3. Production / Arranging,3
DA200,4. Mixing,1
DA200,5. Mastering,1
DA200,6. Review & Revision,2
DA200,7. Final Delivery & Archiving,0
DA201,1. Tiếp nhận yêu cầu & Khởi tạo dự án,0
DA201,2. Pre-production / Lên ý tưởng,1
DA201,3. Production / Arranging,3
DA201,4. Mixing,1
DA201,5. Mastering,1
DA201,6. Review & Revision,2
DA201,7. Final Delivery & Archiving,0
DA202,1. Tiếp nhận yêu cầu & Khởi tạo dự án,1
DA202,2. Pre-production / Lên ý tưởng,2
DA202,3. Production / Arranging,4
DA202,4. Mixing,3
DA202,5. Mastering,1
DA202,6. Review & Revision,6
DA202,7. Final Delivery & Archiving,1
DA203,1. Tiếp nhận yêu cầu & Khởi tạo dự án,1
DA203,2. Pre-production / Lên ý tưởng,3
DA203,3. Production / Arranging,5
DA203,4. Mixing,3
DA203,5. Mastering,1
DA203,6. Review & Revision,4
DA203,7. Final Delivery & Archiving,1
DA204,1. Tiếp nhận yêu cầu & Khởi tạo dự án,1
DA204,2. Pre-production / Lên ý tưởng,2
DA204,3. Production / Arranging,6
DA204,4. Mixing,3
DA204,5. Mastering,1
DA204,6. Review & Revision,5
DA204,7. Final Delivery & Archiving,1
DA205,1. Tiếp nhận yêu cầu & Khởi tạo dự án,1
DA205,2. Pre-production / Lên ý tưởng,4
DA205,3. Production / Arranging,7
DA205,4. Mixing,3
DA205,5. Mastering,1
DA205,6. Review & Revision,3
DA205,7. Final Delivery & Archiving,1
DA206,1. Tiếp nhận yêu cầu & Khởi tạo dự án,0
DA206,2. Pre-production / Lên ý tưởng,2
DA206,3. Production / Arranging,3
DA206,4. Mixing,1
DA206,5. Mastering,1
DA206,6. Review & Revision,1
DA206,7. Final Delivery & Archiving,0
DA207,1. Tiếp nhận yêu cầu & Khởi tạo dự án,1
DA207,2. Pre-production / Lên ý tưởng,4
DA207,3. Production / Arranging,7
DA207,4. Mixing,3
DA207,5. Mastering,1
DA207,6. Review & Revision,8
DA207,7. Final Delivery & Archiving,1
DA208,1. Tiếp nhận yêu cầu & Khởi tạo dự án,0
DA208,2. Pre-production / Lên ý tưởng,1
DA208,3. Production / Arranging,2
DA208,4. Mixing,1
DA208,5. Mastering,0
DA208,6. Review & Revision,1
DA208,7. Final Delivery & Archiving,0
DA209,1. Tiếp nhận yêu cầu & Khởi tạo dự án,1
DA209,2. Pre-production / Lên ý tưởng,3
DA209,3. Production / Arranging,4
DA209,4. Mixing,2
DA209,5. Mastering,1
DA209,6. Review & Revision,2
DA209,7. Final Delivery & Archiving,0
DA210,1. Tiếp nhận yêu cầu & Khởi tạo dự án,1
DA210,2. Pre-production / Lên ý tưởng,3
DA210,3. Production / Arranging,7
DA210,4. Mixing,4
DA210,5. Mastering,2
DA210,6. Review & Revision,5
DA210,7. Final Delivery & Archiving,1
DA211,1. Tiếp nhận yêu cầu & Khởi tạo dự án,1
DA211,2. Pre-production / Lên ý tưởng,5
DA211,3. Production / Arranging,9
DA211,4. Mixing,5
DA211,5. Mastering,2
DA211,6. Review & Revision,8
DA211,7. Final Delivery & Archiving,1
DA212,1. Tiếp nhận yêu cầu & Khởi tạo dự án,1
DA212,2. Pre-production / Lên ý tưởng,5
DA212,3. Production / Arranging,7
DA212,4. Mixing,4
DA212,5. Mastering,2
DA212,6. Review & Revision,7
DA212,7. Final Delivery & Archiving,1
DA213,1. Tiếp nhận yêu cầu & Khởi tạo dự án,1
DA213,2. Pre-production / Lên ý tưởng,3
DA213,3. Production / Arranging,5
DA213,4. Mixing,2
DA213,5. Mastering,1
DA213,6. Review & Revision,2
DA213,7. Final Delivery & Archiving,0
DA214,1. Tiếp nhận yêu cầu & Khởi tạo dự án,1
DA214,2. Pre-production / Lên ý tưởng,2
DA214,3. Production / Arranging,6
DA214,4. Mixing,4
DA214,5. Mastering,1
DA214,6. Review & Revision,2
DA214,7. Final Delivery & Archiving,1
DA215,1. Tiếp nhận yêu cầu & Khởi tạo dự án,0
DA215,2. Pre-production / Lên ý tưởng,3
DA215,3. Production / Arranging,4
DA215,4. Mixing,2
DA215,5. Mastering,1
DA215,6. Review & Revision,2
DA215,7. Final Delivery & Archiving,0
DA216,1. Tiếp nhận yêu cầu & Khởi tạo dự án,1
DA216,2. Pre-production / Lên ý tưởng,3
DA216,3. Production / Arranging,7
DA216,4. Mixing,3
DA216,5. Mastering,1
DA216,6. Review & Revision,6
DA216,7. Final Delivery & Archiving,1
DA217,1. Tiếp nhận yêu cầu & Khởi tạo dự án,0
DA217,2. Pre-production / Lên ý tưởng,1
DA217,3. Production / Arranging,2
DA217,4. Mixing,1
DA217,5. Mastering,1
DA217,6. Review & Revision,1
DA217,7. Final Delivery & Archiving,0
DA218,1. Tiếp nhận yêu cầu & Khởi tạo dự án,0
DA218,2. Pre-production / Lên ý tưởng,1
DA218,3. Production / Arranging,2
DA218,4. Mixing,2
DA218,5. Mastering,1
DA218,6. Review & Revision,1
DA218,7. Final Delivery & Archiving,0
DA219,1. Tiếp nhận yêu cầu & Khởi tạo dự án,1
DA219,2. Pre-production / Lên ý tưởng,3
DA219,3. Production / Arranging,6
DA219,4. Mixing,3
DA219,5. Mastering,1
DA219,6. Review & Revision,2
DA219,7. Final Delivery & Archiving,1
DA220,1. Tiếp nhận yêu cầu & Khởi tạo dự án,0
DA220,2. Pre-production / Lên ý tưởng,2
DA220,3. Production / Arranging,4
DA220,4. Mixing,2
DA220,5. Mastering,1
DA220,6. Review & Revision,2
DA220,7. Final Delivery & Archiving,0
DA221,1. Tiếp nhận yêu cầu & Khởi tạo dự án,0
DA221,2. Pre-production / Lên ý tưởng,2
DA221,3. Production / Arranging,3
DA221,4. Mixing,1
DA221,5. Mastering,1
DA221,6. Review & Revision,1
DA221,7. Final Delivery & Archiving,0
DA222,1. Tiếp nhận yêu cầu & Khởi tạo dự án,0
DA222,2. Pre-production / Lên ý tưởng,2
DA222,3. Production / Arranging,5
DA222,4. Mixing,2
DA222,5. Mastering,1
DA222,6. Review & Revision,2
DA222,7. Final Delivery & Archiving,0
DA223,1. Tiếp nhận yêu cầu & Khởi tạo dự án,2
DA223,2. Pre-production / Lên ý tưởng,6
DA223,3. Production / Arranging,8
DA223,4. Mixing,6
DA223,5. Mastering,2
DA223,6. Review & Revision,4
DA223,7. Final Delivery & Archiving,1
DA224,1. Tiếp nhận yêu cầu & Khởi tạo dự án,1
DA224,2. Pre-production / Lên ý tưởng,2
DA224,3. Production / Arranging,4
DA224,4. Mixing,2
DA224,5. Mastering,1
DA224,6. Review & Revision,2
DA224,7. Final Delivery & Archiving,0
DA225,1. Tiếp nhận yêu cầu & Khởi tạo dự án,1
DA225,2. Pre-production / Lên ý tưởng,3
DA225,3. Production / Arranging,6
DA225,4. Mixing,4
DA225,5. Mastering,2
DA225,6. Review & Revision,4
DA225,7. Final Delivery & Archiving,1
DA226,1. Tiếp nhận yêu cầu & Khởi tạo dự án,0
DA226,2. Pre-production / Lên ý tưởng,1
DA226,3. Production / Arranging,3
DA226,4. Mixing,2
DA226,5. Mastering,1
DA226,6. Review & Revision,2
DA226,7. Final Delivery & Archiving,0
DA227,1. Tiếp nhận yêu cầu & Khởi tạo dự án,1
DA227,2. Pre-production / Lên ý tưởng,4
DA227,3. Production / Arranging,8
DA227,4. Mixing,5
DA227,5. Mastering,2
DA227,6. Review & Revision,11
DA227,7. Final Delivery & Archiving,1
DA228,1. Tiếp nhận yêu cầu & Khởi tạo dự án,1
DA228,2. Pre-production / Lên ý tưởng,3
DA228,3. Production / Arranging,6
DA228,4. Mixing,3
DA228,5. Mastering,1
DA228,6. Review & Revision,2
DA228,7. Final Delivery & Archiving,1
DA229,1. Tiếp nhận yêu cầu & Khởi tạo dự án,1
DA229,2. Pre-production / Lên ý tưởng,4
DA229,3. Production / Arranging,7
DA229,4. Mixing,3
DA229,5. Mastering,1
DA229,6. Review & Revision,5
DA229,7. Final Delivery & Archiving,1
DA230,1. Tiếp nhận yêu cầu & Khởi tạo dự án,1
DA230,2. Pre-production / Lên ý tưởng,3
DA230,3. Production / Arranging,5
DA230,4. Mixing,3
DA230,5. Mastering,1
DA230,6. Review & Revision,8
DA230,7. Final Delivery & Archiving,1
DA231,1. Tiếp nhận yêu cầu & Khởi tạo dự án,1
DA231,2. Pre-production / Lên ý tưởng,3
DA231,3. Production / Arranging,6
DA231,4. Mixing,3
DA231,5. Mastering,1
DA231,6. Review & Revision,3
DA231,7. Final Delivery & Archiving,1
DA232,1. Tiếp nhận yêu cầu & Khởi tạo dự án,1
DA232,2. Pre-production / Lên ý tưởng,1
DA232,3. Production / Arranging,4
DA232,4. Mixing,2
DA232,5. Mastering,0
DA232,6. Review & Revision,1
DA232,7. Final Delivery & Archiving,0
DA233,1. Tiếp nhận yêu cầu & Khởi tạo dự án,0
DA233,2. Pre-production / Lên ý tưởng,2
DA233,3. Production / Arranging,2
DA233,4. Mixing,1
DA233,5. Mastering,1
DA233,6. Review & Revision,2
DA233,7. Final Delivery & Archiving,0
DA234,1. Tiếp nhận yêu cầu & Khởi tạo dự án,1
DA234,2. Pre-production / Lên ý tưởng,3
DA234,3. Production / Arranging,4
DA234,4. Mixing,2
DA234,5. Mastering,1
DA234,6. Review & Revision,3
DA234,7. Final Delivery & Archiving,1
DA235,1. Tiếp nhận yêu cầu & Khởi tạo dự án,1
DA235,2. Pre-production / Lên ý tưởng,2
DA235,3. Production / Arranging,5
DA235,4. Mixing,2
DA235,5. Mastering,1
DA235,6. Review & Revision,2
DA235,7. Final Delivery & Archiving,0
DA236,1. Tiếp nhận yêu cầu & Khởi tạo dự án,1
DA236,2. Pre-production / Lên ý tưởng,3
DA236,3. Production / Arranging,6
DA236,4. Mixing,3
DA236,5. Mastering,2
DA236,6. Review & Revision,4
DA236,7. Final Delivery & Archiving,1
DA237,1. Tiếp nhận yêu cầu & Khởi tạo dự án,1
DA237,2. Pre-production / Lên ý tưởng,5
DA237,3. Production / Arranging,6
DA237,4. Mixing,4
DA237,5. Mastering,2
DA237,6. Review & Revision,8
DA237,7. Final Delivery & Archiving,1
DA238,1. Tiếp nhận yêu cầu & Khởi tạo dự án,1
DA238,2. Pre-production / Lên ý tưởng,6
DA238,3. Production / Arranging,10
DA238,4. Mixing,6
DA238,5. Mastering,2
DA238,6. Review & Revision,13
DA238,7. Final Delivery & Archiving,1
DA239,1. Tiếp nhận yêu cầu & Khởi tạo dự án,1
DA239,2. Pre-production / Lên ý tưởng,4
DA239,3. Production / Arranging,6
DA239,4. Mixing,3
DA239,5. Mastering,1
DA239,6. Review & Revision,5
DA239,7. Final Delivery & Archiving,1
DA240,1. Tiếp nhận yêu cầu & Khởi tạo dự án,1
DA240,2. Pre-production / Lên ý tưởng,4
DA240,3. Production / Arranging,5
DA240,4. Mixing,4
DA240,5. Mastering,1
DA240,6. Review & Revision,5
DA240,7. Final Delivery & Archiving,1
DA241,1. Tiếp nhận yêu cầu & Khởi tạo dự án,1
DA241,2. Pre-production / Lên ý tưởng,3
DA241,3. Production / Arranging,4
DA241,4. Mixing,3
DA241,5. Mastering,1
DA241,6. Review & Revision,4
DA241,7. Final Delivery & Archiving,1
DA242,1. Tiếp nhận yêu cầu & Khởi tạo dự án,1
DA242,2. Pre-production / Lên ý tưởng,2
DA242,3. Production / Arranging,4
DA242,4. Mixing,2
DA242,5. Mastering,1
DA242,6. Review & Revision,2
DA242,7. Final Delivery & Archiving,0
DA243,1. Tiếp nhận yêu cầu & Khởi tạo dự án,0
DA243,2. Pre-production / Lên ý tưởng,2
DA243,3. Production / Arranging,4
DA243,4. Mixing,2
DA243,5. Mastering,1
DA243,6. Review & Revision,1
DA243,7. Final Delivery & Archiving,1
DA244,1. Tiếp nhận yêu cầu & Khởi tạo dự án,1
DA244,2. Pre-production / Lên ý tưởng,5
DA244,3. Production / Arranging,7
DA244,4. Mixing,4
DA244,5. Mastering,2
DA244,6. Review & Revision,8
DA244,7. Final Delivery & Archiving,1
DA245,1. Tiếp nhận yêu cầu & Khởi tạo dự án,0
DA245,2. Pre-production / Lên ý tưởng,1
DA245,3. Production / Arranging,3
DA245,4. Mixing,2
DA245,5. Mastering,1
DA245,6. Review & Revision,1
DA245,7. Final Delivery & Archiving,0
DA246,1. Tiếp nhận yêu cầu & Khởi tạo dự án,1
DA246,2. Pre-production / Lên ý tưởng,2
DA246,3. Production / Arranging,4
DA246,4. Mixing,1
DA246,5. Mastering,1
DA246,6. Review & Revision,2
DA246,7. Final Delivery & Archiving,0
DA247,1. Tiếp nhận yêu cầu & Khởi tạo dự án,1
DA247,2. Pre-production / Lên ý tưởng,3
DA247,3. Production / Arranging,9
DA247,4. Mixing,3
DA247,5. Mastering,1
DA247,6. Review & Revision,9
DA247,7. Final Delivery & Archiving,1
DA248,1. Tiếp nhận yêu cầu & Khởi tạo dự án,1
DA248,2. Pre-production / Lên ý tưởng,3
DA248,3. Production / Arranging,5
DA248,4. Mixing,2
DA248,5. Mastering,1
DA248,6. Review & Revision,3
DA248,7. Final Delivery & Archiving,0
DA249,1. Tiếp nhận yêu cầu & Khởi tạo dự án,0
DA249,2. Pre-production / Lên ý tưởng,3
DA249,3. Production / Arranging,6
DA249,4. Mixing,2
DA249,5. Mastering,1
DA249,6. Review & Revision,2
DA249,7. Final Delivery & Archiving,1
DA250,1. Tiếp nhận yêu cầu & Khởi tạo dự án,1
DA250,2. Pre-production / Lên ý tưởng,2
DA250,3. Production / Arranging,3
DA250,4. Mixing,3
DA250,5. Mastering,1
DA250,6. Review & Revision,2
DA250,7. Final Delivery & Archiving,0
